orf,aa_sequence,length,start_codon,stop_codon,complete,instability,pA,pC,pD,pE,pF,pG,pH,pI,pK,pL,pM,pN,pP,pQ,pR,pS,pT,pV,pW,pY,cluster
Soil14.scaffold_111947747_c1_15,MDRRDFLKGTAMAAATLAASRLAYGQDKAAVEPSIAARHGNGVQWHKAPCRFCGTGCHVQVGVQSGKVVAIAGDQKAPVNKGLLCVKGYHVGLALYGQDRLTTPLLRKGDRQVPISWEEAIDLIARRVLKDPKGFAVYGSGQWTIPEGYAASKFVKAGLGTHNLDANARLCMASAVTGFLATYGVDEPAGCYDDLDACDVLIMWGNNPAEMHPVLFSRVIDRRSRGEKVTLIDIGTRKTRTSGFCDDSFRFKPNSDLAIACGIAHLLVENGTYDKAFVEANCAFRAASTPPTLEGKAITFEEYRKLLEPYTPEKVEQLSGVSAKDLRMLAELFGRRDLRITSLWCMGPNQHTRGTAMNSLLHGLHLLSGHFGKPGDAPTSLTGQPSACGTVREVGTLSHALPGGRVVAKAEHRAQMEEIWNVPAGRVSDKVGYHTVELWKRFSTPTDKGGDIHTVWVQVTNPAQSLPNTHELVDPSRELEDKFLIVSDVYPTATTRLADLVLPSAMWVEKNGMVGNSERRTQQWFKMVQPPGQARDDAWQTVAVAHRLLELGFAGMKDKDGRFLFEVKGQDGKPVPTWEWAHYYDVNVDAHLFEEYRKTTRIKHKDLAPYQEYVKARGLRWPVVEQPDGSWRETRFRFAGFDDPYVKKGRAIQFYHSPSHDDRAQIWFQPYEPPPESPDADFPFWLCTGRVIEHWHTGSVTMRIPQLRRAMPQAYVEMNRADARRLGVENGDWVTVETRRGKLDLPVWLGGRGEPVEGSLFVPFFDERLLINGLTLDEHDPFSKQPDYKKCAARVRRRERIAEKQG*,807,True,True,True,37.760682382134085,9.057071960297767,1.7369727047146402,6.451612903225806,5.707196029776675,3.970223325062035,8.6848635235732,3.101736972704715,2.977667493796526,5.33498759305211,8.188585607940446,1.9851116625310175,2.4813895781637716,6.079404466501241,3.598014888337469,7.6923076923076925,4.3424317617866,5.707196029776675,7.6923076923076925,2.4813895781637716,2.729528535980149,1
Soil15.scaffold_991210343_c1_3,MDRRDFLKTTAMTAATLAASRLAYGQTPGAAPPAVSAASGGVKWNKAPCRFCGTGCHVQVGVEGGKVVAIAGDPKAEVNKGLLCVKGYHVGLALYGSDRLTQPLLRKGDTQVPISWDEALDIIAARIQKDPKGFGLYGSGQWTIPEGYTASRFVKGGLGTNQLDANARLCMSSAVTGFLATYGVDEPAGCYDDLDACDVLIMWGNNPAEMHPVLFSRVIDRRSRGEKVTLIDIGTRRTRTSAFCDHVLRFKPNTDLAIACGIAHLLVENGTWDQAFVDANCAFRAPSEPATLQGKAITFDEYRALLAPYTPEHVEKLSGVSQQDLRMLAGLFGRRDVRITSLWCMGVNQHTRGTAMNSLIHGLHLLSGHFGKPGDAPTSLTGQPSACGTVREVGTLAHALPGGRVVTEEKHRHEMEDLWNVPAGRISAKPGHHTVQMWERFSTPTEQGGDIHTIWVQVTNPAQTLPNRHKLVDPSRKLPDKFLIVSDVYPTETTRIADLVLPSAMWVEKNGMVGNSERRTQQWFKMVPPPGQARDDAWQLIAVAHRLLERGFEGMKDRDGRFLFEVKKDGKPVPIWDFAHYYDVNVDAHLFEEYRKSTRLKHKDLAPYEEYVKARGLRWPVVQQPDGGWRETRFRFSGFDDPYVEKGRDIQFYHSPTHDGRAQVWFNPYEPPPESPDGEFPFWLCTGRVIEHWHSGTMTMRIPQLQRAMPSAYVEMNRADARRLGVGNGDVVTVETRRGRLDLPVWLGGRGEPPEGSLFVPFFDERLLINGLTLDAHDPFSKQPDYKKCAARVRRRGGKGARG*,804,True,True,True,37.83139476961405,8.34371108343711,1.7434620174346203,6.475716064757161,4.981320049813201,3.9850560398505603,9.838107098381071,3.2378580323785804,3.2378580323785804,4.483188044831881,8.094645080946451,2.2415940224159403,2.61519302615193,6.724782067247821,3.4869240348692405,7.970112079701121,4.2341220423412205,6.102117061021171,7.347447073474471,2.3661270236612704,2.4906600249066004,1
Soil15.scaffold_1131791871_c1_2,MERREFLKYSAMGTATVAASRLALGKDAVAAAEAAPVTTDVVWNKAPCRFCGTGCHVQVGVKGGRVVAVAGDQSADVNKGLLCVKGYHVGLALYGKDRLTRPLLRKNGKLEPIGWDEAIEIIARRAMQNPAGFALYGSGQWTIPEGYAANKLVKAGLGNNQIDPNARLCMASAVTGFLSTYGVDEPAGCYEDLDRCDVLLMWGNNPAEMHPVLFSRVVDRRSRGEQVLLIDLTTRRTRTSAFCQHTLYFKPNTDLAIANGIAHLLVERGTFDRAFVEKFCNFRQRTEHPTLDGRPMTFEEYRKALAEYTPERVEALSGVAAKDIRMLADLFGRRDLRITSLWCMGMNQHTRGTAINDLVHGVHLLSGHFGKPGDAPTSLTGQPSACGTVREVGTVANGLPGGLVVTNGEHRQKAEHLWNLPEGRINPKPGYHAVELWKRFSTPKEQGGDIDTVWVMVTNPGQSLPNTNELFDPSRKIPGKFLIVSDVYPTATVRAADLVLPSAMWVEKNGMFGNSERRTQQWFKMVNPPGEARDDGWQIIAVARKLHDMGFAGMKDKDGRFLFDIRKDGKEVPAWDHRHYYDVNVDEHLFEEYRKFTRFKHKDLAPYGEYVKARGLRWPVVEQPDGSWRETRFRFSKFDDPYVTGGEIQFYHSVTRDDRALVWFHPYEPPPESPDADYPFWLCTGRVLEHWHTGSLTMRIPQLQRAMPQSYLEMNREDARKLGVADGEVVILESRRGALELPVWIEGRGAPAPGTVFVPFFDETVMVNRATLEAHDPLSKQPDYKKCAVRIRRKPQGTQGEAR*,804,True,True,True,33.98170610211714,8.592777085927771,1.6189290161892902,6.102117061021171,6.102117061021171,4.2341220423412205,8.966376089663761,2.86425902864259,2.9887920298879203,4.85678704856787,8.094645080946451,2.4906600249066004,3.4869240348692405,6.226650062266501,2.9887920298879203,8.219178082191782,3.4869240348692405,5.72851805728518,7.845579078455791,2.2415940224159403,2.86425902864259,1
Soil16.scaffold_833218104_c1_9,MKFTRREFLKSMAVATALVSSGCSSDTGGAKMQGPTSQQDVEKWVKGVCRYCGTGCGVLAGVSKGKIVAVKGDPDCAVNKGKLCVKGILLPKIMDTKDRLLHPLIKKNGQFVQASWEEALDLVAGKFKESISQFGPDSIGFYGSGQNVAEEAYVANKLFKGAIGTNNIDGNPRTCMASAVAGYVSTFGKDEPCGTYADIEEADVFFIIGSNMAEAHPIIYSRVIDRKNKNPHVRVIVVDPRRTRTADIADMLVQFVPGTDLALLNSMAYVIVEEGLTDTEFIGKHTNFMKGEAKISFGEFKAFIADYAPDKVSELTGISPEQIKEMARLFAAKEKNTMSLWCMGLNQRIRGTWVNNLIHNLHLLTGKICKPGNTPFSLTGQPSACGSIREVGALSHLLPAHRVVANAKHREEIAKIWGIEPAKMSSKPGYHTIELFRAAASGALKALWVVCTNPGQSIPNLELYRQGMEKTFLVVSEVYHPTRTSELADVVLPSALWMEKEGIYGNGERRTQHIAKAVEPLGEAKPDVWQLIEVAKRLGYGSLFPYQDNEAIWEEYRKCAAGTKMDLPPYARLKKEHGLTWPVPDPNGPETYIRYAAPYDPFVKEGVQFYGKPDGRAVIFARPHANPQEMPDAEYPFYLSTGRILEHWHTATMTMNVPEIKRAMPEMYVEINASDAVKMGIKDGDYVKVISRRGQCRLKAKLNGRGQPRSGMVWAPFHDTEMSRMINFVTIDAFDDMSKQPEYKICAVRIEKA*,754,True,True,True,34.295657370517965,9.163346613545817,1.9920318725099602,4.648074369189907,6.6401062416998675,3.7184594953519254,8.366533864541832,2.257636122177955,6.108897742363878,7.569721115537849,6.50730411686587,3.452855245683931,3.851261620185923,5.843293492695883,2.7888446215139444,4.913678618857902,5.179282868525896,4.913678618857902,7.171314741035856,1.593625498007968,3.3200531208499338,4
Soil16.scaffold_48033301_c1_9,MTRREMLTRMAATAAISAAEAVFPGIVFAAAPDKTFSPSAVEWKKTPCRFCGVGCGLLVGIKGGRAVAVKGDPASPVNKGLCCVKGYHSVMALYGKDRLTQALVRKDGRLVPVPMKDALDLVAAKMAETIKTHGKDAVAMYGSGQWTIPDGYVASKFMKGGIGTNNLEANARLCMASAVSGFLTSFGLDEPMGCYEDIDHADVFVLWGNNMAEMHPVLFSRLLDRRLQNPDVKIIDLATRWTRTSMAADKSMLFVPQTDLALANAICHEIIRNAWVNRAFVDKHVSFHEGKTNIGYGLEDGFAFNDEAKTVGFERYRELLKDYAPDKVARLTGVPARDIRYLASLYGDPKRKVMSVWCMGLNQHTRGTWINNLVYNIHLLVGKIATPGNSPFSLTGQPSACGTVREVGTLTNRLPHGVVNNEKDRKLAAEIWGVPAERIPAKPTYHTVAMFRALDRGDIRFMWIQVTNPMVTMPKLKRYRDAARKDGRFIVVSDVYPTPTTDVADVILPSAMWIEREGMFGNSERRTQHFERMLKPPGEAMSDGWQMIEVARRLGFEKLFPWTEDTHIQEIWKEYSRFHAGPDHEMASYEELRRRPGVIWPFVKGKETKWRYNATYDPAVKDGDFDFYGKPDRRAWIWFRPYEPPPEVPDAGYPFWLNTGRVVEHWHSGSMTRRIPILHQAVPNAYVELHPDDARRLGVGNGDRVRLTSRRGSLTLPAQIDGRARPPEGQVFVPFFDEGMLINEITLDAYCPISNQPDYKKCAVKVERA*,770,True,True,True,33.99520156046821,9.232769830949286,1.5604681404421326,6.24187256176853,5.201560468140442,4.161248374512354,7.932379713914174,2.4707412223667102,4.551365409622887,5.461638491547464,6.8920676202860855,3.6410923276983094,3.6410923276983094,6.631989596879063,1.8205461638491547,7.802340702210663,3.9011703511053315,5.461638491547464,7.802340702210663,2.4707412223667102,3.120936280884265,5
Soil3.scaffold_374008697_c1_11,MRFSRRDFLKAIAVSTALVSSGCSLDSGGRGMQGPTTQQDVEKWFKGVCRYCGTGCGVLAGVSKGKIIAVKGDPDNSVNKGRLCVKGILLPKIMDTKDRLLSPMVKKDGQFVKVSWNEALDLIAQKFKEAINQYGPDSVGFYGSGQNIAEEAYVANKLFKGAIGTNNIDGNPRTCMASAVAGYVSTFGKDEPMGSYADIEQADVFFIIGSNMAEAHPVLYSRLVDRKNSKPDVKIIIADPRRTRTADIADHLLQFVPGTDLALMNSMAYIIIEEDLIDKVFINKHTTFMQGEKKLDFEGFKTFIADYAPEKVAELVGLPAEQIREVARLFAAKGRNTMSMWTMGLNQRIRGTWANNLVHNLHLLTGKICRPGNTPFSLTGQPSACGSIREVGALSHLLPAHRVVANPKHREEMAKIWGVDPAKMSPKPGYHTIELFRAAASGALKVLWVVCTNPGQSIPNLTPYRAGMEKTFMIVSETYHPTRTTELADVILPAALWMEKEGVYGNGERRTQHIAKAVEPPGEAKPDVWALIEVAKRLGYGELFPYKTNDEIWEEYRSCTIGTKMDLPAYERLKKEHGLTWPVPDPNGPETSIRYAAPYDPFVKEDINFYGRPDGRAVIFARPQAGPQEMPDDEYPYYLSTGRVLEHWHTTTMTMNVPELKRAMPEMYAELNQTDAEKIGVRDGDLVKVTSRRGECRLKAKINGRGQPRPGMVYVPFHDTEISRMINFVTIDAFDDASKQPEYKLCAVKVGKA*,754,True,True,True,33.105604249668055,8.632138114209827,1.593625498007968,5.577689243027889,6.241699867197875,3.585657370517928,8.366533864541832,1.9920318725099602,5.843293492695883,7.038512616201859,6.905710491367862,3.452855245683931,3.9840637450199203,6.374501992031872,2.6560424966799467,5.710491367861886,4.51527224435591,5.710491367861886,6.905710491367862,1.4608233731739708,3.452855245683931,3
Soil5.scaffold_42391532_c1_4,MELSRRSFLQAAAAAAATAAALSATGCADKKANLKSDLPADLKWDKAVCRYCGIGCGVMVGTKDGKVLGIKGDAENPVNKGLLCVKGWYLHKILYAEDRLRTPMIKKDGKFVPATWDEALDLVATTFKSIIEKDGPDAVSYYGSGQNMAEEAYVVNKLFKGVIGTNNVEGNPRTCMASAVAGYTTTFGKDEPMGCLDDIEAADIFFITGSNTAECHPVVWSRITNRKLTGKDVKIIVADPRRHRVHEMADMSLEFKPGTDIALFNAMAQVIIAENLHDADFIGKHTTFQNNDGAITFEQYKKFLEDYTPEKAAPLTGLTPDQIREAARLFATKGKETISMWTMGINQRVQGTWANNLLHNLHLLTGKIGRPGSTPFSLTGQPSACGSIREVGALSHLLPAHRVVANEAHRKEVAAVWGTDPAKMSPKNGLHMMDMFKGLVDGRVKAMLISTTNPGHSLPNADFYRKGMEKAFLVVIEAYHPTRTTELADVLLPAAMWVEKEGIYGNTDRRTQHIPKLVNAPGEAKPDVWVFIELAKRMGYGKYFEHYTSTEVIWEEYRKLAKGTKMDLAPYSRYKKERGVRWPVPTDDHAGTPRRYSYPDDPFVTKEEGIKFYGKPDGKAVIFARPFAGAAEKPDAEYPFWFSTGRVLEHWHTMTMTGKVPELMRATPDWYAELHPADAAKLGIADGDPVKLTSRRGTITLPAKLKARGIPQEGMVMVMMHDDRVDKLANLITNDAVDAASKQPEYKICAVKVQKA*,757,True,True,True,24.79023809523808,11.11111111111111,1.3227513227513228,6.349206349206349,5.6878306878306875,3.439153439153439,7.936507936507937,2.7777777777777777,4.761904761904762,8.201058201058201,7.142857142857143,3.5714285714285716,3.439153439153439,5.6878306878306875,1.7195767195767195,4.894179894179894,3.439153439153439,7.01058201058201,6.481481481481482,1.8518518518518519,3.1746031746031744,3
Soil5.scaffold_243654554_c1_4,MGLTRRDFLKATAAAAAFAAAGATALNPLKPGVAEASEGGLEWGKAPCRFCGTGCGVLVGVKDGKVVATKADPQSPVNKGLNCVKGYFLSKVLYGQDRLTKPLIRKGGRLVESTWDEAMTLIAGKFKESIDKHGPDSVAMYGSGQWTVFEGYAASKLFKAGIGTNNIEVNARLCMASAVTGFMSSFASDEPMGCYDDLDLGDTYFLWGANMAECHPILFSRILNNRLNNPDVKIIDFATRRTRTSLMADRYVKFKPQTDLALLNAIAYVIVRDGLYDKSFLDSHVVFKKGKEKIGYGLEDKFNFADEAKLIGFEEYKESLKPYTPEKVAALSGVPAATIVELAHLYADKNRKVNSLWTMGFNQHTRGTWANNLVYNIHLLTGKICRPGENPMSLTGQPSACGTTREVGTFTHRLPADMVVMNPEHREKAAKIWGVDPKKIPAKPTYNAVEMFRALDRGDIKVVWVQVTNPFQSLPNLNRYRNGARKGDGRFLIVSDMYPTRSTEQADVILPSACWVEKEGVFGNAERRTQQWFKQVDPPGEARNDLWQTMELAKRLGHGALFPYKEVEKEMWEEYRQFTLGQGKDLAPYEAYTKSRGLRWPVVNGEETCYRYVEGHDPYVKAGEGIKFYKNKPDHFKAVIWARPYEPAPEEPDHSYPFWLCTGRVLEHWHTGTMTGRVPELKRAYPEAVCEMHPDDAKKLGIAQHQKVKISSRRGNVVMRVDLNGRGKAEPGNVFVAFFDEAKLINELCIDAYCPISGEPDYKKCAVKVEKA*,773,True,True,True,25.362577720207252,9.32642487046632,2.0725388601036268,5.310880829015544,6.606217616580311,4.274611398963731,8.549222797927461,2.0725388601036268,3.626943005181347,8.031088082901555,7.512953367875648,2.461139896373057,4.404145077720207,5.699481865284974,2.2020725388601035,5.569948186528498,3.8860103626943006,5.181347150259067,7.253886010362694,2.0725388601036268,3.8860103626943006,2
Soil9.scaffold_399115430_c1_5,MAITRREFLKAAVTIGVATSGGMGAPELLTVSEAEAQQAAESWQKAPCRFCGVGCGVLVGLTKGRVVAVRGDPESPVNKGLLCIKGYSLPKILYGKDRCDTPLLRKGSSFVKISWDEALDLAARKFKEAIQQHGPESVAAYFSGQSTIFEGYAINKLMKAGIGSNNIEGNPRLCMASAVTGFYSTFGMDEPMGCYDDIELADSFFLWGSNIAEMHPVLYSRMVERKIQDPNVKIVSLQTFNNRSTDDPADVVMIFKPNADLAIANAMAYVIVNEGLANETFIQKHVNFKKGLTQIGYGVEDNFEYGGSSEPSWKTYRPFADKADAVSYEEYKKFLATYTPEYAEKISGVPAKTITETARLFGDPKRKAMSLWTMGFNQHVRGTWINNLLYNLHLLTGKIAAPGNSPLSLTGQPSACGTTRETGALSHLLPGGHFVANEEHRKEAAEIWNVPAEKISAKPGYHTMEMFRALDRGDIKVIWINTTNPFQTLPHVGRYRRGSRKGGDRFVIVSEVYPSETFRHADLIFPSAMWVEKEGMFGNTERRTQHWAKMVAAPGQARDDLWQIVELAKRLGLGKLFDYGKDPLQEALFEEYRKFGTGKGKDLAPYQVYAKVRGGLRWPVVNGKETRWRYREGFDPYVKAGEEVRFYGQPDGRAVIWLRPYEPPAEAPDGEYPFWLSTGRVLEHWHTGTITRRVAELNRAVPFAPVWINPDDAKSLGIGAGDPVRVKSRRGEVVTKAQLGGRNVVPKGVIFVPFFDENVLINLVTLDAYDPISKQPDFKKCAVRLEKA*,789,True,True,True,35.60586294416252,9.01015228426396,1.1421319796954315,4.695431472081219,6.725888324873097,4.695431472081219,9.263959390862944,1.7766497461928934,4.822335025380711,6.598984771573604,7.233502538071066,2.1573604060913705,3.934010152284264,5.964467005076142,2.66497461928934,6.091370558375634,4.822335025380711,5.2030456852791875,7.3604060913705585,2.1573604060913705,3.6802030456852792,2
Soil9.scaffold_226354075_c1_6,MEVSRRSFLKTTAAAAAFAAAGIGGIKPFCSADASADEGGITWDKAPCRFCGVGCGVLVGVKDGKIVATKADPESPVNKGLNCVKGYFLAQVLYGKDRLAKPLIRREGRLVEASWEEAMTLIASKFQESIRQHGPDSVAIYGSGQWTVFEGYAASKLFKGGIGTNNIEANARLCMASAVAGFMTTFGSDEPMGCYDDFDLADTYILWGANMAECHPVLFSRMMDNRLKNPQVKIIDLATRRTRTSQMADRYVRFTPQADLALLNGIAHVIVRDGLDDQGFIDRHVVFKKGKEKIGYGLQDKFKFVDEPQLIDFQKYREFLEQYTPEHVAALSGVPAATIVELAHLYADKSRKVTSLWTMGFNQHTRGTWVNNLVYNIHLLTGKICKPGENPMSLTGQPSACGTTREVGTFTHRLPADMVVANAEHRQKTARIWGVDPARIPAKPTYHATEMFRAFDRGDIKVLWSQVTNPFQSLPNLGRYRKGARKDGRFLIVSDIYPTRSTELADVVLPSASWVEKEGMFGNAERRTQHWFKMVEPPGEAKSDLWQTIELARRLGHGSLFPYSYPEKEIWEEYSKFNEGEAKDLAPYESYTKARGLRWPVVAGKETRYRYLEGEDPYVKPGEGITFYKNKPDHFKAVIWARPYEPAAEAPDRDFPFWLCTGRVLEHWHTATMTGRVPELHRAYPEAVCEIHPDDARKLGITHGGKVKLTSRRGSIVLTADLHGRGRAEKGNLFVAFFDESKLINELCIDAYCPISGEPDFKKCAVKLEKATGGLS*,777,True,True,True,27.019213917525803,9.664948453608247,1.9329896907216495,5.541237113402062,6.572164948453608,4.768041237113402,8.6340206185567,2.577319587628866,4.639175257731959,6.701030927835052,7.345360824742268,2.0618556701030926,2.8350515463917527,5.412371134020619,2.448453608247423,6.572164948453608,4.639175257731959,5.798969072164948,6.314432989690721,2.0618556701030926,3.479381443298969,2
T0.scaffold_785029462_c1_5,MDRRSLLKKLAAASAISAAESLLPGVVFATEDKSAPSIRDVAWKKSPCRFCGVGCGLLIGINNGKAVAVKGDPDSPVNKGLCCVKGYHSVMALYGSDRISKALVRKEGKLVPVPVAEALDVVARKMQETIQKHGKDSVAMYGSGQWAIPDGYVASKFMKGGIGTNNLEGNARLCMSSAVTGFMTSFGLDEPMGSYEDFDHADVFILWGNNMAEMHPVLFSRMLDQRLKRPDIKIIDLATRTTRTSMAANRSILFKPQTDLAIANAISYEIIRNGWVNRAFVDRHVSFKKGKTNIGYGLVDKEAFTDNAESVSFDEFRDLLKEYTPEKVEQLSGVPAKDIRYLASLYGDPKRKVMSLWCMGFNQHTRGTWINNLVYNIHLLVGKIATPGNSPFSLTGQPSACGTVREVGTLTNRLPHGEVTNEHDRKMAAEIWKVPVERIPAKPTYHTVEMFRALDRGEVRFLWIQVTNPMVTMPKLKRYREASRKADRFIVVSDVYPTPTTDVADVILPSSMWIEREGMFGNSERRTQHWEQMLQPPGDAIPDGWQIIEVARRMGLGNLFPWNRENYIHEIWKEYSRFHQGAEHQMASYEDLKSKPGVVWPYVNGKETKWRYHSATDPAAKGGSYDFYGKPDHRAWIWFRPYEPPPEVPDAEYPFWLNTGRVVEHWHSGSMTRRVPVLHRAVPNAYVELNPADAKRLGVRNGDKVRLTSRRGSLALPVVTDGRGRPTEGQVFVPFFDEKLLINELTLDAFCPISKQPDYKKCAVKVERA*,770,True,True,True,33.475825747724386,7.802340702210663,1.3003901170351104,5.591677503250975,5.721716514954486,3.7711313394018204,7.542262678803641,2.4707412223667102,4.681404421326398,6.501950585175552,7.022106631989597,3.120936280884265,4.161248374512354,6.371911573472041,2.210663198959688,7.022106631989597,5.981794538361508,4.811443433029909,8.192457737321197,2.4707412223667102,3.250975292587776,2
