orf	aa_sequence
Soil11.scaffold_65427810_c1_20	MRSPLDSPRFFRRIARSAEGWSELAPRGREWERLYRERWEHTRIVRSTHGVNCTGSCSWKVHVKDGIVAWETQETDYPSNGPEMPEYEPRGCPRGASFSWYLYSPLRVKYPYMRGVLLDMYRRERERTGDPVDAWAAIVEDPEKARAYKSQRGRGGFVRASWDEAAELIAAAHVYTTKRYGPDRIAGFTPIPAMSMVSYAAGTRFLSLIGGVVLSFYDWYADLPPASPQIWGDQTDVPESSDWWNASYVIIWGTNIPQTRTPDAHFMVEARYRGQKVVVVSPDYAGHTKFADHWLAAQPGSDGALALAMSHVIFKEFHVERQVPYFDEYVRQYTDMPCLVTLERRGDAYVAGRMLRASDLGETGEHAEWKTVVLDEETGKPVVPHGSIGFRWGAEGLGKWNLALGDIRPALTLLDRGGEPVELEVPRFDVGEGESGSSLRRGVPAMEIGGVLVTTVFDLLAAQLGVRRGELPGEWPDGYDDLQPYTPAWQEAYTGVDPKLVIRVAREFARNAERSGGRSLIMMGGGTNHWYHSDQIYRSMLTMILLCGCQGVNGGGWAHYVGQEKVRPITGWSTIAFAGDWSRPPRWQPTTPYWFLMSDQWRYQRTRAGEFASVLGKGSLKDMHLADCVALSARLGWMPMYPGFDRNPLDLADDAAAAGLEPAEYVVRELQEQRLRFAYEDPDAPQNYPRILTLWRANLLGSSSKGHEYFLRHVLGVEQDGIRNEEAPPDLRTRDVVWRDEAPVGKFDLFTTIDFRMNGSALYSDVVLPAATWYEKYDLSSTDLHPFVHSFNEAVPPPWETKTDHEAFRRIATEFSRLAEKHLGVRRDLVAASLLHDTEDELAQPFGEVRDWRAGECEPIPGKTMPKLLVIERDYPAVAEKWAALGPLVEERGVQTKGVTWKPLAEVDELRVRNGTVDSGLAAGRPSLARDVDWCEAILALSSVTNGRLSVEGFRQLEQRVGLPLADLVEDRADERITFADTQVQPRKVLASPEWSGTESRTRRYSPFTINVDRLVPWRTLSGRQHFYVDHEWIREFGEALPIFRPPIDVLRHVGEQRTGSGRPEVHLRFLTPHSKWSIHSEYQDNLTMLTLFRGGPTLWMSVVDAATAQVVDNDWVEVFNRNGVIACRAVVSHRIPQGVSLMYHSQDRHINVPLTELSGTRGGTDNSVTRISIKPTLLIGGYAQLSYGFNYYGPTGSQRDEVVLVRKLEGEVSY*
Soil11.scaffold_594580914_c1_1	TFFRKNVDTFSGAHGVVTNEDRTWEEAYRARWQHDKIVRSTHGVNCTGSCSWKIYVKGGIVTWETQQTDYPRTRPDLPNHEPRGCARGASYSWYLYSANRLKYPMIRRRLLELYRAARTKMEPVAAWASIVEDAGKARSYKQIRGLGGFVRASWQEAEEIIAAANIHTIKRWGPDRIAGFSPIPAMSMVSYAAGSRYLSLIGGVNMSFYDWYCDLPPASPQTWGEQTDVPESADWYNSTFLLLWGSNVPQTRTPDAHFYTEVRYKGAKSV
Soil11.scaffold_231814530_c1_1	MSHFLDRLTFFSRGSKPFADGHGITTSEERRWEDGYRKRWQHDKIVRSTHGVNCTGSCSWKIYVKGGIVTWETQQTDYPRTRPDLPNHEPRGCARGASYSWYLYSGNRVKYPLVRSRLLKLWREARVLMTPVAAWKSIVENPAKRAAYVEKRGLGGFVRSTWDEVNELIAAANAYTVKSYGPDRVFGFSPIPAMSMISYAAGSRYLSLLGGVCMSFYDWYCDLPPASPQTWGEQTDVPESADWYNSSFLILWGSNVPQTRTPDAHFYTEARYKGAKSVVICPDYSEASKFADLWMSPKQGTDAALGMAMGHVILREFHIDRQAKYFQDYARQYTDMPMLVRLVKQGDYFVPERFLRASDFIEGFGEGNNPEWKTVAYDEATG
Soil11.scaffold_287640331_c1_2	MSHFIDRLKYFSTSRPTFSEGHEMTTHEDRGWEDAYRQRWQHDKIARSTHGVNCTGSCSWKIYVKSGIVTWETQQTDYPRTRPDMPNHEPRGCARGASYSWYLYSANRLKYPLIRSALLRQWREKRVTLAPVEAWSAIVNDQEARASYTRRRGLGGFVRSSWDEVNEIIAAANIHTIERHGPDRIIGFSPIPAMSMVSYAAGSRYLSLIGGVSLSFYDWYCDLPPASPQTWGEQTDVPESADWYNSTFIMLWGSNVPQTRTPDAHFMTEVRYRGTKVVSIFPDYAEGAKFGDIWLHPKQGTDAALGLAMGHVVLKEFHVAGKSQYFSDYCRRYTDMPLLVRIVKQGEHYVPERLLREDELDDASGQENNAAWKTVVFDELSGKLVTPIGSIGFRWGQKEGGDAGKWNLKEEDVQGNAIRPVMSFVEKHDETIDVAFPYFGNVEHTHFTHTGHASVLPRRIGVRKVATRAGEILVATVYDLFVANYGVDQGLGGPNVSADFDDDVPYTPAWQEKITGVKRQEVIAVAREFADNAQKTEGKSMVIVGAGLNHWFNMDMSYRSIINLLFMCGCVGKSGGGWSHYVGQEKLRPQTGWLPLAFATDWHRPARVMNGTSFFYAHTDQWRYETMKVTELLSPLVDGS
Soil11.scaffold_589122127_c1_1	MSHFLDRLSFFKRQQEEFANGHGIVTTEDRGWEDGYRKRWQHDKIARSTHGVNCTGSCSWKVYVKGGIVTWETQQTDYPRTRPDLPNHEPRGCARGASYSWYLYSGNRVKYPLVRSRLLKLWREARKTLSPVAAWKSIVEDPDKRASYVQKRGMGGFVRGSWDEVSELVASANAYTTKTYGPDRVFGFSPIPAMSMVSYAAGSRYLSLMGGVCMSFYDWYCDLPPASPMTWGEQTDVPESADWYNSGFLILWGSNVPQTRTPDAHFYTEVRYKGAKSVVICPDYSEASKFADMWISVKQGTDAALAMAMGHVILKEFYVDRQVPYFIDYARRYTDMPMLVRLVKQDGRYVPERLLRASDFDTKLGHDNNPEWKTVAYDEVSAGLVAPNGSVGFRWGEKGKWNLEEKAAGDKTTLRLSLAENNDGMAEVGFPYFGNREHDYFKGTDHPDVLLRNVPVKTLQLADGETKVATVFDLFLANYGVDRGFGGGNVARDYADNIPYTPAWCELISGVPRAQVETVAREFARNAEKTNGRSMIIVGAAMNHWYHMDMNYRGIINMLVMCGCVGQSGGGWSHYVGQEKLRPQSGWLPLAFGLDWSRPPRQQNSTSCFYAHTDQWRYETLDVKEILSPTAPAGPWDGALIDYNVRAERMGWLPSAPQLKQNPLTIAAKAAAAGLEVKDYVAQSLKSGDLAMSCEDPDAPENWPRNLFVWRSNLLGSSG
Soil11.scaffold_437898375_c1_1	AAARPEQAAAMTEPRGIGRPLLEAHRFLRRGPVSEEKWSQLVAKDRDWERSYRGRWAHDKVVRSTHGVNCTGSCSWNVYVKDGLITWESQAVDYPSTGAEMPEYEPRGCPRGASFSWYTYSPLRLKYPYVRGSLLEMFREARARLGDPVEAWAELVDDPGKARLYKRQRGKGGFVRASWDEATEMIAAAHVHTIKRHGPDRVVGFSPIPAMSMASYAAGTRFLSLIGGVILSFYDWYADLPPSSPQTFGDQTDVPESGDWFNAG
Soil11.scaffold_402009592_c1_1	QAVDYPSTGPEMPDYEPRGCPRGASFSWYTYSPLRVRYPYVRGSLIEMFREARARLGDPVDAWAEIVEDPERCAGYKRERGKGGFVRASWDEVVELIAAAHVYTIKRYGPDRVVGFSPIPAMSMASYAAGTRFLSLIGGVILSFYDWYADLPPASPQVFGDQTDVPESGDWWNADYLIIWGTNLPTTRTPDAHFMVEARYRGQKVVVVSPDYAEHTKFADDWLAAEPGSDGALAMAMGHVILKEFYVERDVPYFRDYARRFTDLPLLVTLREREDAYVPDRLLRASDLDSTEEHADWKTVVLDERTGEPVVPNGSVGHRYAESDEGRWNLRLEGTEPALTLFAYAHECVPVDLPRFDVGEGEGGGSMRRGVPVMRVGGRLVTTVLDLTLAQYGVARDGLPGDWPSGYDDGEQPCTPAWQEQITGVDRHVVARVAREFARNAEVTGGRSMICMGAGTNHWFHSDQVYRTFLALLMMCGCEGVNGGGWAHYVGQEKVRPLTGWQTVAFAL
Soil12.scaffold_511848277_c1_1	YTVKKYGPDRVVGFSPIPAMSMVSFAAGARYLSLLGGVCLSFYDWYCDLPPASPMTWGEQTDVPESADWYNAGYLLIWGSNVPQTRTPDAHFYTEVRYKGTKSAVISPDYAEASKFADLWLHPKQGTDAALAMAMGHVILREFHLDRTVPYFQDYIRKYSDLPMLVRLVRKDGRYIPERLLRAEDFADGLDEANNPAWKTVALDADGNPVVPLGSAGFRWGEQGKWNLEQRRSDGTDASLQVSLIDGGTTEAVAFPYFGGAATNGFVATEHPDIVTRNVPVRTLTLKDGATPVATVFDLLCANYSLDRGLGGGGVASDYDQDEPYTPAWAERVTGVPRAHIIHVAREFASNAEITNGRSMVILGAGVNHWYHMDMTYRGIINLLVLCGCIGQSGGGWAHYVGQEKLRPQTGWVPVTFGLDWSRPPRHMNGTSFFYAHTDQWRYETLNVSEILSPTAPDGDWSGSMIDYNVRAERMGWLPSAPQLKQNPLTIAACAKAAALEPKEYVAKALSSGELEMSCHDPDDPANWPRNMFVWRSNLLGSSGKGHEYFLKHLLGTSNGLLGKDLGVEGREKPQDVKWHDKAPEGKLDLLVTLDFRMSTTCVYSDIVLPTATWYEKNDMNTSDMHPFIHPLTAAVDPAWESRTDWDIYKGLAQAFSEICPEVLGHETDVVLTPMQHDTPGELAQPYGVEDWKRDGTAPVPGRTMPSVAVVERDYPNLHAQFTAIGPLLKASGNGGKGIVWDTAHEIDFLAALNGTVRAGAASGQPCLETDVDAIEAILSLAPETNGEVAVKAWEALGQKTGRDHTHLARAKEDEKIRFRDIVAQPRKIISSPTWSGIESEKVCYNAGYTNVHEL
Soil12.scaffold_666676376_c1_1	MSHFLDRLTYFSQPRETFSDGHGQVTGEDRTWEDAYRARWAHDKIVRSTHGVNCTGSCSWKIYVKGGIVTWETQQTDYPRTRWDMPNHEPRGCARGASYSWYLYSANRVKYPMVRGRLLKFWREARRTMAPVEAWAAIVGDEAKRKSWQQVRGMGGFARSSWDEVNELIAAANIHTIRKHGPDRIIGFSPIPAMSMVSYAAGSRYLSLIGGVCMSFYDWYCDLPPSSPQVWGEQTDVPESADWYNSSFIIAWGSNVPQTRTPDAHFFTEVRYKGTKTVAVTPDYSEVAKLSDLWLHPKQGTDAAVAMAMGHVILKEFYFNKRSAYFDDYARRYTDLPMLVVLKEQELPTGRTIMVPDRYVRASDFNGKLGQANNPEWKTVALDESGKVVLPKGAIGFRWGPDGRADAGQWNLEDKEARNDRQVKLKLSVLEGEAASSETAQIGFPYFGGIESEHFPNNEHSDVLVRTVPVQRISLGKAGEESSALVATVFDLQVANYGVARGIEGELAANDFDDDTPYTPAWQEKITGVPRDQVITVARQFADNADKTHGKSMVIIGAAMNHWYHSDMNYRGVINMLMMCGCIGQSGGGWAHYVGQEKLRPQTGWTALAFALDWIRPPRQMNSTSFFYAHTDQWRYEKLGMEEILSPLADKKAFAGSMIDYNVRAERMGWLPSAPQLQTNPMQVVKDAVAAGIDGKDYVVKALKDGSLKMSCEDPDHPANWPRNMFVWRSNILGSSGKGHEYFLKHLLGTSNGVQGKDLGREEAKPTEVVWHDKAPEGKLDLLVTLDFRMSTTCLYSDIVLPTATWYEKNDLNTSDMHPFIHPLSTAVDPAWQSRSDWDIYKGFAKKFSELCPGHLGVEKEVVLTPLMHDSPGELAQPFGVADWKRGDCELIPGKTAPQIAVVERDYPNVYKRFTALGPLMNKVGNGGKGISWNTQTEIEQLGQLNGRVLDEGQTKGMPSIDTDIDACEVVLQLAPETNGHVAVKAWQAL
Soil12.scaffold_898807201_c1_1	MSHFLDRLNYFSNPRESFADGFGVANGEDRTWEDAYRNRWAHDKIVRSTHGVNCTGSCSWKIYVKGGIVTWETQQTDYPRTRWDMPNHEPRGCSRGASYSWYLYSANRVKYPLVRGRLLKSWREARLTHDPVAAWASIVETDAKRRDYQSMRGLGGFVRSSWDEVNEIVAASNVYTIKKHGPDRVVGFSPIPAMSMISYAAGSRYLSLLGGVNLSFYDWYCDLPPSSPQVWGEQTDVPESADWFNSSYIIAWGSNVPQTRTPDAHFFTEVRYKGTKTVAVTPDYSEVAKLSDEWLHPKQGTDAAMAMAMGHVIMKEFYFDKRSAYFDDYARRYTDLPM
Soil14.scaffold_618164533_c1_1	RGLGGFVRVEWEEAEEMIAAANVHTAKTHGPDRTIGFSPIPAMSMVSYAAGSRYLSLIGGVCMSFYDWYCDLPPSSPQTWGEQTDVPESADWYNAGFIMMWGSNVPQTRTPDAHFMTEARYRGAKTVVVTPDYSEASKFADLWLHPKQGTDAALAMAMGHVILKEWHAGAKSAYFDDYCRRYTDMPLLVLL
Soil14.scaffold_596019752_c1_119	MGNKKNKLFQKLKYLKHGERINEGWTEESPRTRDWEDIYRRRWQHDKVVRSTHGVNCTGSCSWKIYVKDGIITSETQQTDYPSTGDNFPDYEPRGCPRGASFSWYTYSPVRVKYPYVRGDLYELWKEERKNGFDAVSAWENIAANPEKRKRYVSARGKGGFVRANWKDATEMIASATIYTIKKYGPDRVAGFSPIPAMSMVSYAAGSRFLSLLGGTIISFYDWYADLPPASPQVWGEQTDVPESADWYNSKYFIIWGTNLPQTRTPDAHFMVEARYNGTKVIGVSPDYAELDKFVDLWLPAKAGTDAAMAMAMTHVILKEFYVDKETPYFNQYVKKFTDLPFLVTLDEKQSGYRSGNFLRASDIQDDLNLGEWKTFVWDTHSDSLAVPNGSQGFRWDGDSKWNLELTKEDGTEIDPLLSFINGSDESVMVEFPYYAQKDGEVVKRSVPVKYIKDKNGKILKVTTVLDLLMAHTGVNRNLPGDYPIDYNDPDQPYTPAWQESITGVNRAHVIQVAREFADNAERTKGKSMIAMGGGTNHWYHSDQIYRAILNIVLLTGTQGVNGGGWAHYVGQEKVRPLEGWQQVAFANDWIKPQRLQNGTSYFYFATEQFRFEVKKDQEQVEWGGKFNQMHPADVNALAARLGWLPSFPQFSQNSIDLVTEAREKGAKNQQEVIDYVVDQIKGEKIEWAIENPDDPRNFPRVLFNWRSNLLGDSGKGHEYFAKYLIGAEDQLLTDIENSWQPEMVKVAPEAPTGKVDLLVSIDFRMTSSGLMSDIVLPAATWYEKFDISSTDMHPFIHPFNAAISPPWEAKSDWNTFREISRVFSELAEKHLPKSEDLMMTPLAHDTMDEMAQPRGIVKDWRDGEVEAIPGKTLPNFQIVTHDYPNLYQQMTTIGPNIKNGYGSKGVKIPGEKVYDELLSRLGVSKRDGIGKGNPDLYTDKQAIEAILLMSGATNGKRAVEGWKSLEQKTGQKLESIAIGHEETAYTLNDITAQPRQAISTPVWSGLEKDGRRYSPFTVNTEYNIPFRTLTGRQSFYLDHEVMLDFGEGLPIYLPPLSYGPFIKGEKGVEENGASITVRYLTPHQKWGIHTMFTDTTNMSTLFRGWQTVWMNEEDGHSIGLKDNDWIEVYNRNGAIAARVILTYRIPRGMAYMYHAQDRTMGVPATTVGKKRGGTHNSVTRISLKPTHMIGGYSQLSYGFNYYGPTGHQRDTIAVIRPLKEVNWLED*
Soil14.scaffold_1008884942_c1_1	PIPAMSMVSYAAGSRYLSLIGGTCLSFYDWYCDLPPSSPQTWGEQTDVPESADWYNSTFLMLWGSNVPQTRTPDAHFYTEVRYKGAKSVVVCPDYSEASKFADLWMAPKQGTDSALAMAMGHVILKEFHVDRQADYFRDYCRKYSDMPMLVRLVKRGDAYVPERFVRASDFDALDEPNNPEWKTVAIDETSGDIVTPLGSIGFRWGDKGQWNLQEG
Soil15.scaffold_1258541897_c1_1	IVTWETQQTDYPRTRWDMPNHEPRGCARGASYSWYLYSANRVKYPMVRGRLLKAWREARRTLPPVEAWASIVANEATRKSWQAVRGLGGFARSSWDEVNELIAAANIHTIKRHGPDRVIGFSPIPAMSMVSYAAGSRYLSLIGGVCMSFYDWYCDLPPSSPQIWGEQTDV
Soil15.scaffold_515991602_c1_2	MSHFLDRLKFFSKPVETFSDGHGAVVREDRTWENAYRQRWQHDKIVRSTHGVNCTGSCSWKVYVKNGLITWETQQTDYPRTRPDLPNHEPRGCPRGASYSWYVYSAQRVKYPMVRGRLMKMWREARQTMGAIDAWEYISQDPKRAAQYKKVRGQGGFVRATWDEVNEIIAANNAFTIKKFGPDRVVGFSPIPAMSMVSYAAGSRYLSLIGGVPLSFYDWYCDLPPSSPQIWGEQTDVPESADWYNSTYLMVWGSNIPMTRTPDAHFYTEVRYKGTKTVAVSSDFGEMAKFGDIWLAPKQGTDAALAMAMGHVILKEFHATGKSAYFRDYAKQYTDFPMLVLLKEKNGHLVPDYFLRASNLANNLDETNNPEWKTLVIDEATGNIVAPAGTIGFRWGESGKWNLDKIEGKSGKPVDPKLSLIDCRDDVAGVGFAYFGGKDADDVLVRNVPVKKVQLADGSTALVATVYDLSMANYGVDRGLGGGNVASSYDQDIPYTPAWQQKHTGVKPADVITVAREFADNADKTRGKSMVIVGAALNHWYHMDMTYRGIINMLMMCGCVGQSGGGWAHYVGQEKLRPQ
Soil16.scaffold_1385083464_c1_1	RGCSRGASYSWYLYSANRVKYPLVRGRLLKSWREARATHEPVAAWASIVESDTKRRDYQSMRGLGGFVRSSWDEVNEIVAASNVYTIKQHGPDRIIGFSPIPAMSMVSYAAGSRYLSLIGGVCMSFYDWYCDLPPSSPQVWGEQTDVPESADWFNSSYIIAWGSNVPQTRTPDAHFFTEVRYKGTKTVAVTPDYSEVAKLSDLWLHPKQGTDAA
Soil16.scaffold_804923086_c1_3	MSHFLDRLTYFSQPRESFSGDHGQTTEEDRTWEDAYRARWAHDKIVRSTHGVNCTGSCSWKIYVKGGIVTWETQQTDYPRTRWDMPNHEPRGCARGASYSWYLYSANRVKYPMVRGRLLKAWRDARRSMPPVQAWAAIVADDAKRKSWQSVRGLGGFTRSSWEEVNEIIAAANIHTIRQHGPDRIIYFSPIPAMSMVSYAAGSRYLSLIGGVCMSFYDWYCDLPPASPQIWGEQTDVPESADWYNSSYIIAWGSNVPQTRTPDAHFFTEVRYKGAKTVAITPDYSEVAKLSDLWMHPKQGTDAAVAMAMGHVILKEFYFDKRSAYFDDYARRYTDLPMLVMLKEHTLPSGETVMVPDRYVRASDFNGKLGQSNNPEWKTVAFDEGGKVVLPKGAIGFRWGPDGRPDQGQWNLEDKEARHDQQVKLQLSVLEGDAPSSETAKIGFPYFGGIETPNFSHNSQGGDVLVRTVPVRTISLGKAGEERSALVATVFDLQAANYGVARGLAGELAAKSFDDDTPYTPAWQEQITGVPRDQIITVARQFADNADKTHGKSMVIIGAAMNHWYHADMNYRGVINMLMMCGCIGQSGGGWAHYVGQEKLRPQTGWTALAFALDWIRPPRQMNSTSFFYAHTDQWRYEKLGMEEVLSPLADKKAFAGSMIDYNVRAERMGWLPSAPQLQTNPMQVVRDAQAAGMDGKEYVVKALKDGSLRMSCEDPDHPANWPRNLFVWRSNILGSSGKGHEYFLKHLLGTSHGVQGKDLGADEAKPTEVVWHDKAPEGKLDLVVTLDFRMSTTCLYSDIVLPTATWYEKNDLNTSDMHPFIHPLSTAVDPAWQSKSDWEIYKGFAKKFSELCPGHLGVEKEVVLTPLMHDSPAELAQPFGVSDWKRGECDLIPGKTAPQIAVVERDYPNVYKRFMALGPLMNKVGNGGKGISWNTQTEVEQLGQLNGLVTEAGVTQGMPSIDTDIDACEVVLQLAPETNGHVAVKAWEALSKQTGREHAHLALHREDEKIRFRDVQAQPRKIISSPTWSGLESEKVSYNAGYTNVHELIPWRTLTGRQQFYLDHPWMGAFGEAFASYRPPVDLKTTAGIAGIKPNGNPEIQLNFITPHQKWGIHSTYSDNLLMLTLNRGGPVIWLSEDDAKKAGIVDNDWVELFNINGAIAARAVVSQRVNPGMVLMYHAQEKIINTPGSQITGARGGIHNSVTRIVLKPTHMIGGYAQFSYGFNYYGTIGTNRDEFVVVRKMSKVDWLDEEVAA*
Soil16.scaffold_284770402_c1_10	PIPAMSMASFAAGSRFMSLIGGTLLSFYDWYADLPVASPQVFGDQTDVPEAADWWNAGYLIMWGSNIPVTRTPDAHFLTETRYNGTKIVAVSPDYADNVKHADEWVSPHPGTDGALAMAMGHVILREFLVDREVPYFQDYLRTFTDAPFLVTLREHGDDLVPDGFLTAADLGREDENAENAENHENADSKTVLLDSATGEPVVPNGSLGFRWAKSGAGSWNLDLGDVVPELSLLERAGERATVALPRFDEGPTEGGSSMVRGVPVHRIGGRRVTTVFDLMLAQYGVERPGLPGDWPSSYDDASQPYTPAWQETVTSVPAEQAARIAREFARNAERTNGRSMIALGAGTNHWFHSDTIYRAFLALTTMTGCQGVNGGGWAHYVGQEKVRPLTGFQHLAFAFDWQRPTRHMTGTSYWYLNSDQWRYEAFGADELASPLGKGKLEGRTFADCLAQAVRLGWTPGHPGFDRNPLDLADEAAARGRPVAEHIVDELKAGRLKFAAEDPDAPENFPRVLTVWRANLLGSSGKGNEYFLRHLLGADAAVRSEETPPEGRPREVVWHDEAPEGKLDLLVTLDFRMTSTGLLSDVVLPAATWYEKDDLSSTDMHPFVHAFTPAIAPPWQARTDYDTFLTIADRFSELAAEHLGKRTDVLAVPLLHDTPDELAQPRGVVKDWKTGECEPVPGRTMPKLVVVERDYAATGQKMRAIGPLLDTLGTTTKGVTVHPDREIEDLRHRCGTVRDGVGAGRPSLATASDMCEAILALSGTTNGRLATEGFRELERQTGSEGLVELASEREAERITFADTRSRPRSVMTSYEWSGSESGGRRYSPFVINTEHKKPWHTLTGRQHFFVQHDWMTELGEQLPVYRPPLNTPRHYGDEQLREDGRAEVTVRYLTPHSKWSIHSNYQDNKYMLDLSRGGPVIWMSLEDAEKIGVKDNEWIEAYNRNGVVACRAVVTHRMPEGTVYMYHAQDRNVNVPKTEVSGKRGGMHNSLTRLLLKPTHLAGGYAQFTYAFNYYGPTGNQRDEVTVIRRRSQRVEY*
Soil17.scaffold_694072686_c1_1	THGVNCTGSCSWKIYVKGGVVTWETQQTDYPRTRPGLPNHEPRGCARGASYSWYLYSANRVKHPMMRRRLLQLWRAAKAEFPDPVDAWASIQADQAKRREYQKVRGLGGFVRVTWDEAEEMIAAANIHTAKAHGPDRILGFSPIPAMSMVSYAAGSRYLSLIGGVCMSFYDWYCDLPPSSPQTWGEQTDVPESADWYNAGFLMMWGSNVPQTRTPDAHFMTEARYRGCKTVTVTPDYSEASKFGDLWLHPKQGTDAALAMAMGHVILTEWHAKGRSAYFDDYCRRYSD
Soil17.scaffold_146768584_c1_1	DAYRARWAHDKIVRSTHGVNCTGSCSWKIYVKGGIVTWETQQTDYPRTRWDMPNHEPRGCARGASYSWYLYSANRVKYPMVRGRLLKAWREARRTLPPVEAWASIVANEATRKSWQAVRGLGGFARSSWDEVNELIAAANIHTIKRHGPDRVIGFSPIPAMSMVSYAAGSRYLSLIGGVCMSFYDWYCDLPPSSPQIWGEQTDVPESADWYNSTYIIAWGSNVPQTRTPDAHFFTEVRYKGAKTVAVTPDYSEVAKLSDLWLHPKQGTDAAVAMAMGHVILKEFYFDKRSAYFDDYARRYTDLPMLVMLKEHVLPS
Soil17.scaffold_63240252_c1_1	IYVKNGLITWETQQTDYPRTRNDLPNHEPRGCPRGASYSWYIYSANRLKYPKIRKPLLKLWRDARQTMAPVEAWASIVEDKAKADSYKSKRGMGGFIRSNWEEVNEIIAAANVYTIKQYGPDRIVGFSPIPAMSMVSYAAGSRYLSLIGGACLSFYDWYCDLPPASPMV
Soil17.scaffold_576147551_c1_1	MSHFLDRLTYFSQPRETFSDGHGQVTGEDRTWEDAYRARWAHDKIVRSTHGVNCTGSCSWKIYVKGGIVTWETQQTDYPRTRWDMPNHEPRGCARGASYSWYLYSANRVKYPMVRGRLLKFWREARRTMAPVEAWAAIVGDEAKRKSWQQVRGMGGFARSSWDEVNELIAAANIHTVKKHGPDRIIGFSPIPAMSMVSYAAGSRYLSLIGGVCMSFYDWYCDLPPSSPQVWGEQTDVPESADWYNSSFIIAWGSNVPQTRTPDAHFFTEVRYKGTKTVAVTPDYSEVAKLSDLWLHPKQGTDAAVAMAMGHVILKEFYFNKRSAYFDDYARRYTDLPMLVMLKEQELPTGRTIMVPDRYVRASDFNGKLGQANNPEWKTVALDESGKVVLPKGAIGFRWGPDGRADAGQWNLEDKEARNDRQVKLKLSVLEGEAASSETAQIGFPYFGGIESEHFPNNEQSDVLVRTVPVQRISLGKAGEERSALVATVFDLQVANYGVARGIEGELAANDFDDDTPYTPAWQEKITGVPRDQVITVARQFADNADKTHGKSMVIIGAAMNHWYHSDMNYRGVINMLMMCGCIGQSGGGWAHYVGQEKLRPQTGWTALAFALDWIRPPRQMNSTSFFYAHTDQWRYEKLGMEEIL
Soil17.scaffold_133787210_c1_1	FLRRGPVNEEGWSQLVAKDRDWERSYRGRWAHDKVVRSTHGVNCTGSCSWNVYVKDGLITWESQAVDYPSTGAEMPEYEPRGCPRGASFSWYEYSPLRVKYPYVRGSLLTMFREARERLGDPVEAWAEIVSDPEKARLYRRQRGKGGFVRASWDDAVDMIAAAHVHTIKTYGPDRCVGFTPIPAMSMASYAAGSRFLSLIGGTILSFYDWYADLPPSSPQTFGDQTDVPESGDWFNAGYLLIWGTNLPTTRTPDAHFMVEARYRGQKVVVVSPDYAEHTKFADHWLAAEAGSDGALAMAMGHVILKEFYVEREVPYFRDYARRFTDLPLLVTLREREDGFVADRLLRASD
Soil3.scaffold_63658123_c1_64	MSMASYAAGTRFLSLIGGVILSFYDWYADLPPSSPQVFGDQTDVPESGDWWNAGYLLIWGTNLPTTRTPDAHFMTEARYRGQKVVVVSPDYAEHTKFADHWLAAEAGSDGAMAMAMGHVILKEFYVEREAPYFADYARRFTDLPLLVTLRERDGAYVPDRLLRASDLDGAGGEEENDEWKPVLIDGRSGEPVVPKGSVGHRYGEPGKWNLKLDGVEPLLTLIERAQDRVAIDLPRFDVGEGEGGGSVRRGVPALRVGGHLVTTVLDLSLAHYGVGREGLPGAWPAGYEDPQPCTPAWQEPITGVDAQLVARVAREFARNAEVTEGRSMIAMGAGTNHWFHSDQVYRTFLALVQLCGCEGVNGGGWAHYVGQEKVRPLAGWQTVAFALDWTRPPRHQSGTPFFYLATDQWRYERHRPEDLASPLGRGLLEGKHIADVNALGARLGWLPSYPSFDRSSLELVEEAERAGLEPAEYVVRELKEGRLSFACEDPDAPDNQPKVMTVWRSNLLGSSGKGHEYFLKHLLGTTDDAVRAEESPPELRPSEVAWREEAPQGKLDLLTTIDFRMTSNALFSDVVLPAATWYEKVDLSSTDLHPFVHTFNQAVPPPWESKTDWDAFGRIAERFSELAEKHLGVRRDLVAAPLLHDSADEIAQPLGEVRDWRAGECEPVPGRTMPKLIVAERDYPHVAERWAALGPLVEERGTAVKGASWVADEEVVELVAKNGAVRGGVADGRPSLEGVEQACEAILALSGTTNGRLAVEGFRSLEETTGVELADLAGTRSGDRITLADARVQPRTVITSPEWSGIEAHGRRYAPFTTNVEREKPWHTLSGRMHLYLDHAWMLELGEGLPVFRPPLHHRAIFGDQGAGDGSGRKELTLRYLTPHSKWSIHSEYQDNLHMLTLFRGGGMLWISREDAESLDIRDNDWVEAYNRNGVVSCRATVSHRIPEGTCLMYHAKDRHLNVPLTELEGKRGGTDNSLTRIVMKPTHFIGGYAQLGFGFNYYGPTGSQRDEVTVLRKREAEVVFE*
Soil3.scaffold_253488375_c1_4	MSIGNPPSPQRSENSDHRPRNPLLDAHRFLRRGPLNEEGWSQLVAKDRDWERSYRGRWAHDKVVRSTHGVNCTGSCSWNIFVKDGLVTWENQAVDYPSTGPNMPEYEPRGCPRGASFSWYQYSPLRLKYPYVRGSLLTMFREARARLGDPVRAWAEIVDDPEKVTTYRRQRGKGGFVRATWDEVVELVAAAHVHTIKRDGPDRCVGFTPIPAMSMASYAAGTRFLSLIGGTILSFYDWYADLPPASPQAFGDQTDVPESGDWWNAGYLIIWGTNLPTTRTPDAHFMVEARYRGQKVVVVSPDYAEHTKFADHWLAAPPGTDGALAMAMGHVILKEFYVDREAPYFADYARRFTDLPLLVTLREGDDGAYIPDRLLRASDLDGGGGEGEHAEWKPVVLDGGAGTPAVPTGSVGHRYGEPGRWNLRLDGIEPVLTLLGRDGAEPVAVDLPRFDTGEQQHGSVMRRGAPAIRIGGRLVTTVLDLTLAQYGVARPGLPGDWPSGYDDAERPYTPAWQERLTGVDRHLAARVAREFARNAEVTQGRSMIAMGAGTNHWFHSDQTYRTFLALVMLCGCEGV
Soil3.scaffold_31685847_c1_1	MSHFLDRLSFFTRGKAEFADGHGVMTTEDRSWEDGYRKRWQHDKIVRSTHGVNCTGSCSWKVYVKGGIVTWETQQTDYPRTRPDLPNHEPRGCSRGASYSWYLYSGNRVKYPLVRSRLLKLWREARMLMTPVAAWKSIVEDPRKRAAYVYKRGLGGFVRASWTEVNEIVASANAYTAKTYGPDRVFGFSPIPAMSMVSYAAGARYLSLLGGVCMSFYDWYCDLPPASPQTWGEQTDVPESADWYNSGFLILWGSNVPQTRTPDAHFYTEVRYKGAKSVVISPDYSEASKFADLWLSPKQGTDAALAMAMGHVILKEFHVDRQTKYFNDYARQYTDMPFLVRLVKSEGRLVPERFVRASDFATSLDEANNPEWKTVAYDAATGAIVVPNGSVGFRWGEKGK
Soil3.scaffold_352165548_c1_1	MSHFLDRLTFFRKNVDTFSNGHGVVTNEDRTWEESYRARWQHDKIVRSTHGVNCTGSCSWKIYVKGGIVTWETQQTDYPRTRPDLPNHEPRGCSRGASYSWYLYSANRVKYPLVRRRLVEMWRAERATKNPVDAWAAIVEDPAKAKRYKSVRGLGGFVRLGWDEAEEIIAAANVYTAKTHGPDRIIGFSPIPAMSMVSYAAGSRYLSLIGGVCMSFYDWYCDL
Soil5.scaffold_179483344_c1_1	PEYEPRGCPRGASFSWYTYSPLRLKYPYVRGSLLQMFREARDRLGDPVEAWAEIVGDPERTRTYKRQRGKGGFVRASWDDAVDMIAAAHVHTIKSHGPDRVVGFSPIPAMSMASYAAGTRFLSLIGGTILSFYDWYADLPPSSPQTFGDQTDVPESGDWWNAGYLLVWGTNLPTTRTPDAHFMTEARYRGQKVVVVSPDYAEHTKFADHWLA
Soil5.scaffold_444305363_c1_1	MSHFLDRLNHFALPKESFSDGHGVTTGEDRTWEDAYRNRWSHDKIVRSTHGVNCTGSCSWKIYVKGGIVTWETQQTDYPRTRWDMPNHEPRGCARGASYSWYLYSANRVKYPMVRARLLERWRAALTVCRDPVDAWASIVEDDAARRDYQKVRGMGGFARSSWEEVNRLVAAANVYTIKRHGPDRVIGFSPIPAMSMVSYAAGSRYLSLIGGVCMSFYDWYCDLPPSSPQVWGEQTDVPESADWYNSSYIVAWGSNVPQTRTPDAHFFTEVRYKGTKTVAITPDYSEVAKLSDLWLHPKQGTDAALAMAFGHVALNEFYFKTRSAYFDDYARRYTDLPMLVLLRSRTLEDGRTALVPDRYIRASDFDGSLDQANHPEWKTIAYETAGQPVVPNGAIGFRWGDEGRDDAGKWNLENEDARDGHEVRLKLSVLENADQAPEIADVAFPYFGGVNSPHFTANAQQGGINLARVPVARMRLTQDGKAVDALVATVFDLQAAQYGIDRGLGSGAASYDDNAPYTPAWAEAITGVPREQIVTVAREFAANADKTQGRSMIIIGAGMNHWY
Soil5.scaffold_342438982_c1_1	TFLRKNVGTFSNGHGVVTNEDRSWEDGYRGRWSHDKIVRSTHGVNCTGSCSWKIYVKDGIVTWETQQTDYPRTRPGLPNHEPRGCARGASYSWYLYSANRVKHPMIRKTLVKLWRTVRAECADAVEAWKTIVETPEYAERYKKARGLGGFVRVTWDEANEIVAAANVYTAKEYGPDRIAGFSPIPAMSMVSYAAGSRYLSLIGGVPLSFYDWYCDLPASSPQTWGEQTDVPESADWYNSTFLMLWGSNVPQTRTPDAHFYTEVRYKGAKSVVVCPDYSEAAKFADLWMAPKQGTDSALAMAMGHVILKEFHVDRQADYFRDYCRKCSDMPMLVRLVKRGDAYVPERFVRASDFDDALDETNNPEWKTVAIDESSGDIVTPLGSIGFRWGDKGQWNLQEGA
Soil5.scaffold_352638952_c1_1	PSVKGGIVTWEPQQTDYPRTRPELPNHEPRGCSRGASYSWYLYSGNRLKYPMVRGALVRLWREARKTMTPVAAWKSIVEDGAKRKSYTSRRGLGGFVRLDWEEANEIIAAANAYTIRKYGPDRIAGFSPIPAMSMVSYAAGTRYLSLLGGVCLSFYDWYCDLPPASPQTWGEQTDVPESADWYNAGFLLLWGSNVPQTRTPDAHFYTEARYRGAKSVVITPDYSEAAKFGDLWLHPKQGTDSALAMAFGHVILKEFHVDRQTPYFTDYCRKYTDMPFLVRLIKQDGRYVPERFLRASDFTGTLGEANNPEWKTVAFDELTDQVVAPQGSIGFRWGEKGEWNLEQRAAETPVSLSMSMMEKRDSVLSVAFPYFGGRQHDYFAGTDHDEILMRQVPVRQLKLAEGDAYVATVFDLLCANYGVDRGLGGEHVATSFDDDVPYTPAWQERITGVKRDSVISVARAFARNAEKTKGKSMVILGAGINHWYHMDMTYRGIINMLVMCGCVGQEGGGWAHYVGQEKLRPQTGWTPLAFALDWARPPRHMNATSYWYAHSDQWRYETLGVDEILSPLANKDEWKGSLIDFNVRAERMGWLPSAPQLQSNPLDVVQAAEAVGKDPKDFARDEIAAGRLKLSCDDPDHPANWPRNLFVWRSNILGSSGKGHEY
Soil5.scaffold_114379860_c1_1	MSHFLDRLTFFKRQVGTFSNGHGITTDEPRDWEDSYRERWQHDKIVRSTHGVNCTGSCSWKIYVKGGIVTWETQQTDYPRTRPDLPNHEPRGCARGASYSWYLYSANRVKHPMVRGHLLRLWREARATLSPVAAWASIVENPTKRASYTSKRGLGGLVRAKWDEVNEIIAAANAYTVKKYGPDRVVGFSPIPAMSMVSFAAGARYLSLLGGVCLSFYDWYCDLPPASPMTWGEQTDVPESADWYNAGYLLIWGSNVPQTRTPDAHFYTEVRYKGTKSAVISPDYAEASKFADLWLHP
Soil5.scaffold_416434691_c1_48	MSHFLDRLTFFRKNIARFAGGHGVVTNEDRQWEEGYRRRWQHDKIVRSTHGVNCTGSCSWKIYVKGGIVTWETQQTDYPRTRPDLPNHEPRGCARGASYSWYLYSANRVKHPLIRRRLIELWRAERANKGPVEAWATIVEDSAKARSYKSIRGLGGFVRATWDEVEEIIAAANVYTTKRYGPDRVAGFSPIPAMSMVSYAAGSRYLSLIGGINLSFYDWYCDLPPSSPQTWGEQTDVPESADWFNSTFLILWGSNVPQTRTPDAHFYTEVRYKGAKSVVICPDYSEAAKFADLWLHPKQGTDAAIAMAMGHVILKEFHLAKRSAYFEDYCRRFTDLPMLVVLDKRRNSYVPGRFLRASDLNEALGQTNNPEWKTLGFDRADGSLTLPNGSIGFRWGESGKWNIEEKDARDGREASLALSLVERRDAVVPVAFPYFGGHAPQTFHATNHDDVIERQLPVLEIETTNGPVYVATVFDLLAGNYGIDRGFGGGNVATSYDEDVPYTPAWAEAVTGVPRDHIIAVARQFAENADKTHGKSMVILGAGLNHWYHMDMIYRGIINLLVMCGCVGQSGGGWSHYVGQEKLRPQTGWTALAFALDWNRPPRQMNSTSFFYAHSSQWRYEKLDPSEILSPLADRSAFAASLIDYNVKAERMGWLPSAPQLTTNPLRIAAAAEAAGKPVPAYVAETLKSGALRLASEDPDAPENYPRNLFVWRSNLLGASGKGHEYFLKYLLGTDHGVLGRDLGEEGGTKPAEIRWHDEAPTGKLDLLVTLDFRMSTTCVYSDIVLPTATWYEKHDLNTSDMHPFIHPLSAAVDPAWEARTDWEIYKAIAKKFSEMAVGHLGRERDVVLTPILHDTPGELAQAFEVADWKRGECEPIPGKTMPSVTVVERDYPQTYAKFTSLGPLMEKLGNGGKGIGWKTTHEVEFLKQLNGTTAAPVGGETRARIESDIDAAEVILSLAPETNGEVAVKAWEALGKITGREHAHLARAREDDKIRFRDIQAQPRKIISSPTWSGLESEHVSYNACYTNVHELIPWRTLTGRQQFYQDHPWMRAFGEALAVYRPPIDTKTVAPMREKFADGRKSVVLNFITPHQKWGIHSTYTDNLIMLTLSRGGPIVWISETDAKAAGIVDNDWIEAFNANGALTARAVVSQRVPAGMCMMYHAQEKIVNVPGSEITGKRGGIHNSVTRVCPKPTHMIGGYAHLSYGFNYYGTVGANRDEFVVVRKMEKIDWLEAPRVRTPAQAAK*
Soil5.scaffold_225756440_c1_1	DLIAAAHVYTIKNYGPDRVAGFSPIPAMSMVSYSAGTRFLSLIGGTILSFYDWYADLPPASPQVWGDQTDVPESSDWWNAGYLMIWGTNLPITRTPDAHFMTEARYRGQKVVVVSPDYSDHTKFADNWLPAQAGSDGALAMAMGHVILKEFYVDRQVPYFQDYVRRFTDLPMLVTLRERDGAYV
Soil5.scaffold_376523767_c1_1	YPYVRRSLLQMFREARARLDDPVQAWAEIVDDPEKVSRYRRQRGKGGFVRASWDEVEELVAAAHVHTIKRYGPDRCVGFTPIPAMSMASYAAGTRFLSLIGGTILSFYDWYADLPPASPQAFGDQTDVPESGDWFNADYLIIWGTNLPTTRTPDAHFMVEARYRGQKVVVVSPDYAEHTKFADH
Soil6.scaffold_645328969_c1_1	MSHFIDRLKYFSTSRPTFSEGHGMTTHEDRGWEDAYRQRWQHDKIARSTHGVNCTGSCSWKIYVKSGIVTWETQQTDYPRTRPDMPNHEPRGCARGASYSWYLYSANRLKYPLIRSALLRQWREKRVTLAPVEAWSAIVNDQEARASYTRRRGLGGFVRSSWDEVNEIIAAANIHTIERHGPDRIIGFSPIPAMSMVSYAAGSRYLSLIGGVSLSFYDWYCDLPPASPQTWGEQTDVPESADWYNSTFIMLWGSNVPQTRTPDAHFMTEVRYRGTKVVSIFPDYAEGAKFGDIWLHPKQGTDAALGLAMGHVVLKEFHVAGKSQYFSDYCRRYTDMPLLVRIVKQGEHYVPERLLREDELDDASGQENNAAWKTVVFDELSGKLVTPIGSIGFRWGQKEGGDAGKWNLKEEDVQGNAIRPVMSFVEKHDETIDVAFPYFGNVEHTHFTHTGHASVLPRRIGVRKVATRAGEILVATVYDLFVANYGVDQGLGGPNVSADFDDDVPYTPAWQEKITGVKRQEVIAVAREFADNAQKTEGKSMVIVGAGLNHWFNMDMSYRSIINLLVMCGCVGKSGGGWSHYVGQEKLRPQTGWLPLAFATDWHRPARVMNGTSFFYAHTDQWRYETMKVTELLSPLVDGSGFANSPIDYNVSAERMGWLPSAPQFKTNPLELGRASAGADPAAYVAKGLKDGSIEMSCIDPDAAENFPRNLFVWRSNLLGSSGKGHEYFLKHLLGAEHGVQGKDLGASAGILPKEVKWHEKAPEGKLDLVVTLDFRMSTTCLYSDMVLPTATWYEKDDMNTSDMHPFIHPLSAAVDPAWQSRSDWDIYKGIARKFSELAEGHLAVERDVVMSPLQHDSAGEIAQAGAIADWGRDECDPVPGKTMGSIAVVERDYPNTYRKFTSLGPLLDSLGNGGKGITWQTGEEVEQLRALNYPVTDAGASHGRPQILSAINAAEVILSLAPETNGAVAVKAWQALSVLTGTDHTHLSRAREDEKIRFRDIQAQPRKIISSPTWSGIESEHVSYSASYTNVHELIPWRTLSGRQQLYQDHAWMRDFGEALCVYKPPIDTRSTTGMAASRSNGNAEIALNFLTPHQKWGIHSTYTDNLL
Soil6.scaffold_138360071_c1_1	RLLKHWRAARAVAMSAVDAWAAVVENDAQRRGYQRQRGLGGFVRASWDEVNEIVAAANVYTIRKHGPDRIIGFSPIPAMSMVSYAAGSRYLSLIGGVCMSFYDWYCDLPPSSPQTWGEQTDVPESADWYNSSYIIAWGSNVPQTRTPDAHFFTEVRYRGTKTVAVTPDYAEVSKLADLWM
Soil6.scaffold_274716451_c1_1	MSMVSYAAGSRYLSLLGGVCMSFYDWYCDLPPASPQTWGEQTDVPESADWYNSGFLLLWGSNVPQTRTPDAHFYTEARYRGAKSVVICPDYSEASKFADLWMSPKQGTDAALGMAMGHVILREFHIDRQAKYFQDYARQYTDMPMLVRLVKQGAHYVPERFLRASDFVKGIGEDNNPEWKTVAFDEITGAIVVPKGSVGFRWGEKGKWNLQEQASDGKETKLRLSLASVKDGVAAVGFPYFGNREHDHFQGTDHPDVLVRNVPTKTLQLVEGETIVASVYDLFVANYGVDCGLGGEHLAKNYDDMQPYTPAWAEKITGVPRDQIITTAREFALNAEKTKGRSMVIVGAGLNHWYHMDMNYRGIINMLVMCGCVGQSGGGWSHYVGQEKLRPQSGWLPLAFGLDWGRPSRQMNSTSAFYAHTDQWRYETLDVSEVLSPTAPAGPWDGALIDYNVRAERMGWLPSAPQLETNPLEVSKLAAAAGMEAKDYVAANLKSGKLKLSCDDPDKPVNWPRNMFVWR
Soil6.scaffold_441881540_c1_4	MSHFLDRLTHFALPKERFADGHGVTTGEDRTWEDTYRNRWAHDKIVRSTHGVNCTGSCSWKIYVKGGIVTWETQQTDYPRTRWDMPNHEPRGCARGASYSWYLYSANRVKYPMVRGRLLERWRAALKAQGDPVAAWASIVENAEARRDYQKVRGMGGFVRSSWDEVNRIVAAANVYTIRKHGPDRIIGFSPIPAMSMVSYAAGSRYLSLIGGVCMSFYDWYCDLPPASPQIWGEQTDVPESADWYNSSYIIAWGSNVPQTRTPDAHFFTEVRYKGTKTVAVTPDYSEVAKLSDLWLHPRQGTDAALAMAMGHVALNEFYFKTRSEYFDGYARRYTDLPMLVMLKAHTLPDGRETLVPDRYLRASDFNGKLGQSNNPEWKTVAFDTNGRAVLPNGSIGFRWGAEGGEDAGKWNLEDKEARHGEAVTLKLSVLEDGSQPYEIVGIALPYFGGVASPHFTANELDGQINHVKAPAVRLRLGKEGDAREALVATVFDLQAAQYGIDRGLGSGAASYDDNAAYTPAWAESITGVPRDQIVTVAREFAANADKTHGRSMVIIGAAMNHWYHADMNYRGVINLLMMCGCIGQSGGGWAHYVGQEKLRPQTGWTALAFALDWIRPPRQMNGTSFFYAHTDQWRYEKLNMEEIASPLADKRLYGGSMIDYNVRAERMGWLPSAPQLKTNPLQVAKQAAEHGMEAKDYVVQGLRDGSLQMSCEDPDAPQNWPRNMFVWRSNLLGSSGKGHEYFCKHLLGTENGVQGKDLGRDDARPVEVEWHDEAPEGKLDLLVTLDFRMSTTCLYSDIVLPTASWYEKNDLNTSDMHPFIHPLSAAVDPVWQARSDWEIYKGFAKAFSEVCVGYLGVERDVVLTPLMHDSPAELAQPFEVKEWKKGECDLVPGKTAPQIAVVERDYPNVFKRFTALGPLMNKIGNGGKGIAWKTETEVTQLGQLNGLTQDDGATKGMPRIVTDIDACEVILQLAPETNGHVAV
Soil6.scaffold_200123076_c1_13	MPDIRKPLLETQEFFRRGPVSAEGWSELVAKDRDWESFYRNRWQHDKVVRSTHGVNCTGSCSWWIYVKDGIITWENQAVDYPSTGPDMPEYEPRGCPRGASFSWYIYSPLRVKYPYVRGSLLEFWRDALARHTDPVEAWASIVEDPEKARTYKRQRGKGGLVRASWDEVADLIAAAHVHTIKRYGPDRVAGFSPIPAMSMVSYAAGTRFLSLIGGTILSFYDWYADLPPASPQVWGDQTDVPESGDWWNAGYLIIWGTNLPITRTPDAHFMTEARYRGQKVIVVSPDYSDHTKFADHWLAAQPGTDGALAMAMGHVILKEFYVERQVPYFQEYARQYTDLPLLVTLRAHGDSYVPDRFLRAGDLGDEGENAEWKTVVLDAATGEPAVPNGSLGFRYGDQGMGKWNLELGDIDPVLTLYGRHGPIVTADLPRFDTVSSPGGEVVRRGIPTLQVGEYLVTTVYDLTLAQYGVRRDGLPGDWPEGYDDPSPYTPAWQEEITSVDGRLVARVAREFARNAELTRGRSMICMGAGTNHWFHSDQIYRSFLSLLLLCGCEGVNGGGWAHYVGQEKVR
Soil6.scaffold_604673340_c1_1	HGVVTNEDRSWEDGYRGRWSHDKVVRSTHGVNCTGSCSWKIYVKDGIVTWETQQTDYPRTRPGLPNHEPRGCARGASYSWYLYSANRVKHPMIRKKLVKLWRTIRADCADAVEAWMTIVETPQYAEQYKKARGMGGFVRVTWDEANEIIAAANVYTAKEYGPDRIAGFSPIPAMSMVSYAAGARYLSLIGGVCLSFYDWYCDL
Soil6.scaffold_130160295_c1_1	GDPVDAWAEIVDDPEKSRLYKRQRGKGGFVRASWDEAVDILAAAHVHTIKRHGPDRIAGFTPIPAMSMASYAAGTRFLSLIGGVILSFYDWYADLPPSSPQTFGDQTDVPESGDWFNAGYLLIWGTNLPTTRTPDAHFMVEARYRGQKVVVVSPDYAEHTKFADHWLAAEAGSDGAMAMAMGHVILKEFYVERAVPYFRDYARRFTDLPLLVTLRERGGGFVPDRLLRASDLESDEEHPDWKPVLIDERTGAPAVPNGSVGHRYGEPGRWNLKLDGIEPALTLIDLAQERVAVELPRFDTGEGEHGASVTRGVPAMRVGGQIVTTVLDLVLAQYGVGREGLPGHWPADYDDPAPCTPAWQEPISGVDRHLVARVGREFARNAELTEGRSMIAMGAGTNHWFHSDQTYRTFLALVMMCGCEGVSGGGWAHYVGQEKVRPLAGWQTIAFALDWVRPPRHQSGTPFFYLASGQWRYERIQPEHLASPLGRGLFEGMHIADVNALGARLGWLPSFPSFDRSTLDLVDEAEAKGVEPAHHVVSELREGRLRFACEDPDAPGNHPRVMTVWRSNLLGSSGKGHEYFLKHMLGSSDDAVRAEETPPELRPRDVVWRDEPPDGKLDLLTTVDFRMTSNALFSDVVLPAATWYEKYDLSSTDLHPFVHTFNQAVPPPWESKTDWDTFKRVAERFSELAATHLGVRRDLMAAPLLHDSADEIAQPLGQVRDWRAGECEPVPGRTMPKLLVIERDYPRVAEKWKALGPLVEELGTSVKGAQWVAAEEVYELRAHNGAVRGGVADGRPSLERVEHACEAILMLSGTCNGRLAVEGFRSLERTTGLELADLAGPR
Soil6.scaffold_228720199_c1_2	MSHFLDRLTHFALPKEQFANGHGVTTGEDRTWEDTYRNRWAHDKIVRSTHGVNCTGSCSWKIYVKGGIVTWETQQTDYPRTRWDMPNHEPRGCARGASYSWYLYSANRVKYPMVRARLLERWRAARQKHGDPVAAWASIVENPEARRDYQQVRGMGGFVRSSWDEVNRIVAAANVYTIKTHGPDRVIGFSPIPAMSMVSYAAGSRYLSLIGGVCMSFYDWYCDLPPASPQIWGEQTDVPESADWYNSSYIIAWGSNVPQTRTPDAHFFTEVRYKGAKTVAVTPDFSEVAKLSDLWLHPR
Soil6.scaffold_509384248_c1_7	MAERVSPLLEAHRFLRRGPVSEEGWSQLVAKDRDWERSYRGRWAHDKIVRSTHGVNCTGSCSWNVYVKDGLITWESQAVDYPSTGPDMPEYEPRGCPRGASFSWYTYSPLRLKYPYVRGSLLAMFREARQRLGDPVDAWSEIVDDPEKSRLYKRQRGKGGFVRASWDEVVEIVAAAHVHTIKRHGPDRVVGFTPIPAMSMASYAAGTRFLSLIGGVILSFYDWYADLPPSSPQAFGDQTDVPESGDWFNSGYLIIWGTNLPTTRTPDAHFMVEARYRGQKVVVVSPDYAEHTKFADHWLAATPGSDGAMAMAMGHVILREFYVEREVPYFRDYARRFTDMPLLVTLREHEAGAHVPDRLLRASDLGGHEEHADWKPVLIDQRNGEPFVPNGSVGHRYGEPGRWNLKLDGVEPLLTVFDRAEERVEVDLPRFDEGEGERGAQIRRGVPAMRVGGKLVTTVLDLMLAQYGVARDGLPGEWPADYDDPAPCTPAWQEQISGVDRHLVARVGREFARNAERTQGRSMIAMGAGTNHWFHSDQTYRTFLALVMMCGCEGVNGGGWAHYVGQEKVRPLAGWQTLAFALDWVRPPRHQSGTPFFYLASDQWRYEKIQPADLASTLGSGLFDGMHIADVNALGARLGWLPSFPSFDRSTLDLVDEARERGVEPAAHVVEELHEGRLGFACEDPDAPGNQPKVMTVWRANLLGSSGKGHEYFLKHMLGTTENAVRAEESPPELRPRDVRWRDEAPDGKLDLLTTVDFRMTSNALFSDVVLPAATWYEKYDLSSTDLHPFVHTFNQAVPPPWENKTDWETFKRVAERFSELAEKHLGKRDDVIAAPLL
Soil9.scaffold_517173497_c1_1	ANAFTIKKFGPDRVIGFSPIPAMSMVSYAAGARYLSLIGGACLSFYDWYCDLPPASPQVWGEQTDVPESADWYNSTYLMVWGSNVPQTRTPDAHFYTEVRYKGTKTVAVSSDFGEMVKFGDIWLAPKQGTDAALAMAMGHVVMKEFHAVQAPRTSSYLRDYVKQYTDMPMLVLLRENNGTLVPDHFLRASHLANNLGEANNPQWKTLLVDDATGAIVAPNGTVGFRWNEAAHNDGEKVGRWNLELKDGGSGGAIDPRLSFVKAGAHDEIVDVGFPYFGGEHGALLQRRVPARRVTLADGTSALVATVFDLQMANYGVDQGLGGPNV
Soil9.scaffold_607424851_c1_3	MSHFLDRLAFFQRNAEAFSGDHGTVTNEPRGWEDTYRQRWSHDKIVRSTHGVNCTGSCSWKIYVKGGVVTWEAQQTDFPRTRPGLPNHEPSGCARGASYSWYLYSANRVKHPMMRKRLLQLWRKAKVEFPDPVDAWASIQADEAKRREYQKVRGLGGFVRVTWDEAEEMIAAANIHTAKAHGPDRILGF
Soil9.scaffold_766455321_c1_2	MAERVSPLLEAHRFLRRGPVSEEGWSQLVAKDRDWERSYRGRWAHDKIVRSTHGVNCTGSCSWNVYVKDGLITWESQAVDYPSTGPDMPEYEPRGCPRGASFSWYTYSPLRLKYPYVRGSLLAMFREARQRLGDPVDAWSEIVDDPEKSRLYKRQRGKGGFVRASWDEVVEIVAAAHVHTIKRHGPDRVVGFTPIPAMSMASYAAGTRFLSLIGGVILSFYDWYADLPPSSPQAFGDQTDVPESGDWFNSGYLIIWGTNLPTTRTPDAHFMVEARYRGQKVVVVSPDYAEHTKFADHWLAATPGSDGAMAMAMGHVILREFYVEREVPYFRDYARRFTDMPLLVTLREHEAGAHVPDRLLRASDLGGHEEHADWKPVLIDQRNGEPFVPNGSVGHRYGEPGRWNLKLDGVEPLLTVFDRAEERVEVDLPRFDEGEGERGAQIRRGVPAMRVGGKLVTTVLDLMLAQYGVARDGLPGEWPADYDDPAPCTPAWQEQISGVDRHLVARVGREFARNAERTQGRSMIAMGAGTNHWFHSDQTYRTFLALVMMCGCEGVNGGGWAHYVGQEKVRPLAGWQTLAFALDWVRPPRHQSGTPFFYLASDQWRYEKIQPADLASTLGSGLFDGMHIADVNALGARLGWLPSFPSFDRSTLDLVDEARERGVEPAAHVVEELHEGRLGFACEDPDAPGNQPKVMTVWRANLLGSSGKGHEYFLKHMLGTTENAVRAEESPPELRPRDVRWRDEAPDGKLDLLTTVDFRMTSNALFSDVVLPAATWYEKYDLSSTDLHPFVHTFNQAVPPPWENKTDWETFKRVAERFSELAEKHLGKRDDVIAAPLLHDSADEIAQPLGEVRDWRAGECEPVPGKTMPKLIVVERDYPAVADRWKALGPLVEELGTQVKGASWVADEEVEYLRSQNGAVRGGAADGRPSLERVQQACEAILTLSGTTNGRLATEGFRSLERTCGVPLADLSGTREGDRITFQDAQVQPRTVITSPEWSGIEAHGRRYAPFTMNVEREKPWHTLSGRMHFYLDHAWMLELGEGLPVFRPPLHHRAIFGDQGARDGSGRHELTLKYLTPHSKWSIHSEYQDNLHMLTLFRGGGMLWISREDAEALDVRDNDWLEAFNRNGVVACRAAVSHRVPEGTCLMYHAKDRHLNVPLTELHGKRGGTDNSLTRIVMKPTHFIGGYAQLSFGFNYYGPTGSQRDEITVVRKREEKVVFE*
Soil9.scaffold_301134466_c1_1	GPVSEEGWSQLVAKDRDWERSYRGRWAHDKVVRSTHGVNCTGSCSWNVYVKDGLITWESQAVDYPSTGPEMPEYEPRGCPRGASFSWYTYSPLRLKYPYVRGSLLQMFREARDRLGDPVEAWAEIVGDPERTRTYKRQRGKGGFVRASWDDAVDMIAAAHVHTIKSHGPDRVVGFSPIPAMSMASYAAGTRFLSLIGGTILSFYDWYADLPPSSPQTFGDQTDVPESGDWWNAGYLLVWGTNLPTTRTPDAHFMTEARYRGQKVVVVSPDYAEHTKFADHWLAAEAGSDGALAMAMGHVILKEFYVERETPYFRDYARRFTDLPLLVTLRERGDGFVADRLLRASDLDGGDVEHGDWKPVVLDDRSGLPVVPNGSVGHRYGEPGHWNLKLDGIEPVLTLLDRAEERVAVDMPRFDAGETEGGSSITRGVPAMRVGGRLVTTVLDLVLAQYGVGRDGLPGEWPDGYEDPGLGTPAWQEPITGVDGQLVARVAREFARNAEVTEGRSMICMGAGTNHWFHSDQTYRAFLALVMMCGCEGVNGGGWAHYVGQEKVRPLSGWQTLAFALDWTRPPRHQSGTPFFYLATDQWRYERIQPADHASPLGRGLLEGKHIVDVNALGARLGWLPSFPSFDRSTLDLVDEAERAGVEPVDHVVRELKDGRLRFACEDPDARGNHPKVMTVWRANLLGSSGKGHEYFLKHLLGTTESAVRAEESPPELRPQEVAWHDEAPEGKLDLLTTIDFRMTSNALFSDVVLPAATWYEKHDLSSTDLHPFVNTFNPAVPPPWESKTDWETFHRVAERFSELATRHLGVRRDVVAAPLLHDSADEIAQPFGEVRDWRAGECEPVPGKTMPKLVVVERDYPRVAEKWAALGPLVEELGQSVKGASWVADQEVAELRAKNGAVRGGVADGRPSLRDVEHACEAILLLSGTTNGRLATEGFRSLERTCGVPLADLSGTREADRISFHDAQVQPRTVITSPEWSGIEAHGRRYAPFTMNVEREKPWHTLSGRQHFYLDHEWMLELGEGLPVFRPPLHHRAIFGDQGADDGSGRRELTLKYLTPHSKWSIHSEYQDNLHMLTLFRGGGMLWISRE
Soil9.scaffold_477396445_c1_1	GALVRLWREARKALSPVAAWTSIVEDEDKRKSYTSRRGLGGFVRLGWNEANEIIAAANAYTIRKYGPDRIAGFSPIPAMSMVSYAAGTRYLSLLGGVCLSFYDWYCDLPPASPQTWGEQTDVPESADWYNAGFLLLWGSNVPQTRTPDAHFYTEARYRGAKSVVITPDYSEAAKFGDLWLHP
Soil9.scaffold_308765924_c1_1	CTGSCSWKVYVKDGIITWETQQTDYPSTGPDSPEYEPRGCPRGASFSWYTYSPTRLRYPYVRGALLELWRAALAEHGDPVVAWASIVADPTKTARYKSIRGKGGFVRAGWPEMAELVAAAHVHTIKTWGPDRVAGFSPIPAMSMLSYAAGTRFLSLIGGTIMSFYDWYADLPIASPQVFGDQTDVPESGDWWNSSYLLIWGTNLPVTRTPDAHFMTEARYRGQKVVVVSPDYGDHVKFADDWLPATPGTDGALAMAMGHVILTEFFRDRRVPYFDEYVKTYTDLPFLVTLRERGD
Soil9.scaffold_175774837_c1_4	MVRSTHGVNCTGSCSWNVYVKDGLITWETQAVDYPSTGPDMPEYEPRGCPRGASFSWYTYSPLRLKYPYVRGSLLAMFREARERLGDPVDAWAEITGDPEKARLYKRQRGKGGFVRASWDDAVEMIAAAHVHTIKSYGPDRCVGFTPIPAMSMASYAAGSRFMSLIGGVILSFYDWYADLPPSSPQTFGDQTDVPESGDWFNAGYLLIWGTNLPTTRTPDAHFMVEARYRGQKVVVVSPDYAEHTKFADHWLAAEPGSDGAMAMAMGHVILKEFYVDREVPYFRDYARRFTDLPLLVTLRERGDGYAPDRLLRASDLERDEENAEWKPVVLDARTGEPAVPNGSVGHRYGDQPGRWNLRLDGIEPELTLLERATERVTVDLPRFDVGEGEGGTTVRRGVPAIRVGDQLVTTVLDLTLAHYGVGREGLPGDWPAGYDDPKPCTPAWQEPISGVDAQLVARVGREFARNAERTKGKSMIAMGAGTNHWFHSDQTYRTFLALVMMCGCEGVNGGGWAHYVGQEKVRPLAGWQTVAFALDWNRPPRHQSGTPFFYLATDQWRYERYQPSDLASPLGRGLLEGRHTVDVNALGARLGWLPSYPSFDRSTLDLVDEAEQAGVEPAEHVVNELRQGNLRFACEDPDAPANQPKVMTVWRANILGSSGKGHEYFLKHLLGTTENAVRAEESPPELRPRDVVWHDEAPEGKLDLLTTIDFRMTSNALFSDVVLPAATWYEKYDISSTDLHPFVHTFNQAVPPPWENKTDWDTFRRVSERFSELAERHLGTRRDLIAAPLLHDSPDEIAQPFGEVRDWRAGECEPIPGKTMPKLVVVERDYSKVGEKWKALGPLVEELGTAVKGASWVADEEVAELRAKNGGVRGGVADGRPSLERVEYACEAIMALSGTCNGRLAAEGFRSMERTTGLDLADLAGPRSGDRITFQDAQVQPRTVITSPEWSGIEAHGRRYAPFTTNVEREKPWHTLSGRQHFYLDHQWMLELGEGLPVFRPPLHHRAIFGDQGADDGSGRRELTLRYLTPHSKWSIHSEYQDNLHMLTLFRGGGMLWISREDAEALEISDNDWVEAYNRNGVVACRAAVSHRIPEGTCMMYHAKDRHLNVPLTELQGKRGGTDNSLTRIVMKPTHFVGGYAQLSFGFNYYGPTGSQRDEVTVLRKREAEVTFE*
Soil9.scaffold_45638853_c1_1	YSRDVEDVYRKRWAHDKVVRSTHGVNCTGSCSWDVYVKDGIITWEVQRTDYPSTGPDMPEFEPRGCPRGACFSWYTYSPLRIKYPYIRKALLELWREALKKANNPVEAWAQIVENPEKSKRYKETRGKGGFVRVSYEEALNLVSATLIYSIKKYGPDRITGVSPIPAMSMASYAAGTRFLSLLGSPLMSFYDWYADLPPASPQIWGDQTDVPESSDWYNSSYLMIWGSNLPLTRTPDAHFMTEVRYKGTKVVSV
Soil9.scaffold_463652061_c1_3	MSHFLDRLTFFRKTVDTFSDGHGIVTNEDRSWEDAYRKRWQHDKIVRSTHGVNCTGSCSWKIYVKGGIVTWETQQTDYPRTRPDLPNHEPRGCARGASYSWYMYSGARVKYPMIRGRLMKLWREARSKLTPVAAWASIVENAASRQSYVSIRGHGGFVRASWDDVNELIASANAYTARKHGPDRVIGFSPIPAMSMVSYAAGSRYLSLLGGVCMSFYDWYCDLPPASPQTWGEQTDVPESADWYNAGFIIVWGSNVPQTRTPDAHFYTEVRYKGTKSAVVSPDYAEATKFADIWLNPKQGTDAALALAMGHVILREYHLDRHVEYFQDYTRQYTDMPFLVRLTERNGKFIPERLLRSSELPGSLGETNNPDWKTVAIDETTEALVAPVGSVGYRWGEKAKWNLEEKDGKGSDIRLRLTLAGDAAPEIVAVDFPYFGGRATEHFVATSHGEGEILTRNVPVRTIVSADGTSVKIATVYDLMMANYGLDRGFGGGNVATSYDDDTPFTPAWAERITGVKRDAIVTVAREFATNAEKTRGRSMVIIGAGINHWYHMDMTYRGVINMLVFCGAIGQSGGGWSHYVGQEKLRPQTGWQPLAFGLDWNRPPRFANSTSFFYAHTDQWRYETLTAAEILSPTAPEGNWGQSFIDYNVRAERMGWLPSAPQLKQNSLELAAEARAAGLEPKDYVAKALKSGELELSCHDPDDPANWPRNMFVWRSNILGSSGKGHEYFLKHLLGTTHGVLGKDLGTEGAVRNQEVVWHDKAPEGKLDLLVTLDFRMSTTCVYSDIVLPTATWYEKNDLNTSDMHPFIHPLSAAVDPAWEARSDWDIYKNLAKAFSEVSGEVLGVEEDVVLTPVQHDTPGELAQPFDVKDWKRGETLPIPGQSMPSVAVVKRDYPNLHAQFTALGPLMTSVGNGGKGISWNTEHEVEALGQLNGVRTDGVAKGLPKIETDIDATEVILMLAPETNGEVAVKAWEALSKFTGREHAHLALPKQDEKIRFRDIQAQPRKIISSPTWSGIESEKVCYNAGYTNVHELIPWRTLTGRQQLYQDHLWMRAFGEGLVTWKPPVDLKTIAAVKDMRPNGHKEIVLNFITPHQKWGIHS
Soil9.scaffold_2866533_c1_1	GSCSWNVYVKDGLITWESQAVDYPSTGPDMPDYEPRGCPRGASFSWYTYSPLRLKYPYVRGSLLAMFREARERLGDPVDAWAEIVDDPEKSRLYKRQRGKGGFVRASWDDAVDMLAAAHVHTIKRHGPDRIAGFTPIPAMSMASYAAGTRFLSLIGGVILSFYDWYA
T0.scaffold_339049266_c1_1	MSHFLDRLSHFAAPKEAFSDNHGRTTGEDRTWEDAYRNRWAHDKIVRSTHGVNCTGSCSWKIYVKGGIVTWETQQTDYPRTRWDMPNHEPRGCARGASYSWYLYSANRVKYPMVRGRLLERWRAAMKTTMTPVDAWATIVENPEARRDYQKVRGMGGFVRSSWDEVNQIIAASNVYTIKKHGPDRIIGFSPIPAMSMVSYAAGSRYLSLIGGVCMSFYDWYCD
T0.scaffold_967757664_c1_1	MSHFLDRLTFFKRGDETFANGHGITTHEDRRWEDGYRKRWQHDKIVRSTHGVNCTGSCSWKIYVKGGIVTWETQQTDYPRTRADLPNHEPRGCARGASYSWYLYSGNRVKYPLVRSRLLRLWREARVLMTPVAAWKSIVENPEKRNAYVSKRGLGGFVRSTWDEVNELIASANAYTAKTYGPDRVFGFSPIPAMSMVSYAAGSRYLSLLGGVCMSFYDWYCDLPPASPQTWGEQTDVPESADWYNSGFLILWGSNVPQTRTPDAHFYTEARYKGAKSVVICPDYSEASKFADLWISPKQGTDAALGMAMGHVILREFHVERQAKYFQDYARQYTDMPMLVRLVKQGEHYVPERFLRASDFVQGLDEANNPEWKTVAYDETTGEVVVPRGSVGFRWGEKGKWSLEERTSQGVDTKLRLSLATVKDKVAAVGFPYFGNREHDHFLGTDHPGVLLRNVPAKTLQLVEGETLVASVYDLFVANYGVDCGLGGEHLAKSYDDVEPYTPAWAEKISGVPRDQIITTAREFALNAEKTKGRSMVIVGAGLNHWYHMDMNYRGIINMLVMCGCVGQSGGGWSHYVGQEKLRPQTGWLPLAFGLDWGRPPRQMNSTSAFYAHTDQWRYETLDVSEVLSPTAPAGPWDGALIDYNVRAERMGWLPSAPQLQSNPLEVAKKAAAAGAEAKDYVAKALKSGELKLSCDDPDNPANWPRNMFIWRSNLLGASGKGHEYFLKHLLGTKHGVMGKDLGQDGKTKPSDVVWHDQAPEGKLDLLVTLDFRMSTTCMYSDIVLPTASWYEKNDLNT
T0.scaffold_684329388_c1_1	KHHGPDRVVGSSPIPAMSMASYAAGTRFLSLIGGTILSFYDWYADLPPSSPQTFGDQTDVPESADWWNAGYLLIWGTNLPTTRTPDAHFMVEARYRGQKVVVVSPDYAEHTKFADHWLAATPGTDGAMAMAMGHVILKEFYVEREVPYFRDYARRFTDLPLLVTLREREGRYVADRLLRASDLEGLGGEPEHADWKPVVLDARTGEPAVPAGSVGHRYGEPGRWNLRLGGIEPVLTLLDHAQERVEVDLPRFDVGETEGGTSITRGVPAMRVGGLLVTTVLDLVLAQYGVGREGLPGEWALDYDDPVLGTPAWQEPITSVDRHLVARVAREFARNAEVTQGRSMICMGAGTNHWFHSDQTYRTFLAMVLLCGCEGVNGGGWAHYVGQEKVRPLAGWQTLAFALDWTRPPRHQSGTPFFYLATDQWRYEAYRPADHASPLGRGLLDGMHVADVNALGARLGWLPSFPSFDRNPLDVVDEAEREGVDPADYAVRELREGRMRFACEDPDAPGNHPKVMTVWRANILGSSGKGHEYFLKHLLGTTESAVRAEESPPELRPRDVVWHEQAPDGKLDLLTTIDFRMTSNALFSDVVLPAATWY
T0.scaffold_35062325_c1_1	VVRSTHGVNCTGSCSWKVYVKDGIITWETQQTDYPSTGPDMPEYEPRGCPRGASFSWYTYSPSRVRYPYVRGPLLEMWREARARTGDPVAAWAEITGDPERCARYKSARGKGGFMRSTWPEVTELIAAAHVHTVKAYGPDRVVGFSPIPAMSMVSYAAGTRFLSMIGGTILSFYDWYADMPIASPQVFGDQTDVPESGDWWNSSYLIIWGTNLPITRTPDAHFMTEARYRGQKVVVVSPDFSDHTKFADDWLAAAPGTDGALAMAMGHVILSEFFRDRQVPYFTEYVKSFTDLPFLVTLAERGDGHVPDRFLTAADLGEESEGAGHKTVVLDGRTGEPVVPNGSLGFRFGSSGAGRWNLELGEVDPALTLYGRHSEAVAVDLPRFDVGASEGGSVIRRGVPAVRIADRLVTTVFDLVMAQYAVRREGLPGRWPSGYDDADQPYTPAWQERITSVPAAAAARVAREFARNAEVSKGRSMICMGAGTNHWFHSDQIYRTFFTLTMLCGCQGVNGGGWAHYVGQEKVRPLTGWQQTAFALDWQRPTRHMTGTSFFYTHTDQWRYEAFGPGELASPLGRGLFVGRGFADCLAQASRLGWTPSHPAFDRNPLDLADEAARAGKAVPEFVVEELGAGRLRFAAEDPDAPENWPRVMTVWRANLLGSSGKGMEYFMRHLLGADHAVRAAETPPELRPAEVAWRADAPHGKLDLLTTIDFRMTSTCTYADVVLPAATWYEKHDLSSTDMHPFVHAFNPAIAPPWQTRTDFAAFRMVAEEFSRLAATHLGTRTDVLAVPLMHDSPDEAAQPGGRVADWRAGECEPVPGVTMPRLVTIERDYAAVAAKMAALGPLVESLGTSVKGITWTPGEAVDYLRRANGVVRGGVADGRPSLDRDVHLAEAILALSGTTNGRVALQGWRALEQRTGVRLADLAEERAGERISFADTQIQPRAVITSPEWSGSETGGRRYSPFVVNVERKKPWHTLTGRMHFFLDHDWMAEYGEWLPAYRPPLDFARHFGDQGVRDADRPEITVRYLTPHSKWSIH
T0.scaffold_786865677_c1_2	MSQFLDRLTFFKKYQGTFSEGHGVTTTEDRQWENAYRQRWSHDKIVRSTHGVNCTGSCSWKIYVKGGIVTWETQQTDYPRTRPELPNHEPRGCARGASYSWYLYSGNRLKYPMARGALIRLWREARKTLSPVAAWTSIVEDQAKRKSYTSRRGLGGFVRLDWAEANELIAAANAYTIRKYGPDRIAGFSPIPAMSMVSYAAGTRYLSLLGGVCLSFYDWYCDLPPASPQTWGEQTDVPESADWYNAGFLLLWGSNVPQTRTPDAHFYTEARYRGAKSVVITPDYSEAAKFGDLWLHPKQGTDSALAMAFGHVILKEFHVDRQTPYFTDYCRKYSDMPFLVRLVKQDGRYVPERFLRASDFTGTLGEANNPEWKTVAFDELSDHVVAPQGSIGFRWGEKGEWNLEQRAADAPVSLSMSALEKRDAILSVAFPYFGGRHHDYFAGTDHDEILMRQVPARKLKLADGDAYVATVFDLLCANYGVDRGLGGDNVATSFDDDVPYTPAWQERITGVKRDSVISVARAFARNAEKTGGKSMVILGAGINHWYHMDMTYRGIINMLVMCGCIGQEGGGWSHYVGQEKLRPQTGWTPLAFALDWARPPRHMNATSYWYAHSDQWRYETLSVEEILSPLAKKEDWSGSLIDFNVRAERMGWLPSAPQLQTNPIEVVKAAEAAGRDPKEFARDELAAGRLKLSCNDPDNPANWPRNLFIWRSNLLGSSGKGHEYFLKHLLGTSHGVQGKDLGSTGEQKPAEVVWHDEAPEGKLDLLVTLDFRMSTTCVYSDIVLPTATWYEKNDLNTSDMHPFIHPLSAAVDPVWESRSDWEIYKGLAKRFSEIAPEVLGKEKDLVLTPMQHDTADELAQAIDVKDWTKGEIAAIPGKTMASISVIERDYPNVYKRFTAVGPLLSSVGNGGKGIAWNTEHEVELLGKLNGIVAEDGPTKGLPRIDTDIDATEVILSLAPETNGEVAIKAWKALGEFTGRNHTHLAEAKEDEKIRYRDIQAQPRKIISSPTWSGIESEKVCYNAGYTNVHELIPWRTLTGRQQLFQDHSWMRAFGEQLAVYRPPIDTKTIKPIIDTKENGNKQIVLNFITPHQKWGIHSTYTDNLLMLTLSRGGPIVWISEVDAQKVGIEDNDWIEAYNLNGALVARAVVSQRVPEGMVLMYHAQEKIVNVPGSEVTGQRGGIHNSVTRTVLKPTHMIGGYAQQSYGFNYYGTVGSNRDEFVIVRKQAKVDWMEERAPARTPETVT*
T0.scaffold_847435721_c1_1	MSMASYAAGSRFLSLIGGVVLSFYDWYADLPPSSPQAFGDQTDVPESGDWFNAGYLLIWGTNLPTTRTPDAHFMTEARYRGQKVVVVSPDYAEHTTFADHWLAAEPGSDGALAMAMGHVILKEFYVDREVPYFQDYARRFTDLPLLLTLRERDGAYVPDRLLRAADLNGSAGEREHAEWKPVVLDARTGEPAVPNGSVGHRYGEPGRWNLRLNGIEPVLTLIDRATDRVPVDLPRFDLGEGEGGTTVRRGVPAVRVAGRLVTTVLDLTLAHYGVARDGLPGQWPSGYEDRAPCTPAWQEPITGVEGQLAARVAREFARNAEVTRGRSMIAMGAGTNHWFHSDQVYRTFLALVMLCGCEGVNGGGWA
T0.scaffold_50999882_c1_2	MSADRIKDEACRGRCDWEEMYRNRWQYDKVVRSTHGVNCTGSCSWMVHVKDGVVAWELQATDYPQYDSTIPNQEPRGCARGISYSWYLYSPLRVKYPYLRGALLDLWMEARQAHADPVEAWQSLVEDPGSRAAWTSKRGMGGFRRASWELVTELIAASTVYTVKKHGPDRVIGFTPIPAMSMISYAAGTRFLSLLGGVMLSFYDWYCDLPPASPQVWGEQTDV
T0.scaffold_172278247_c1_4	MSHFLDRLSFFARSRVEFSGGHGITTTEDRSWEDGYRKRWQHDKIVRSTHGVNCTGSCSWKVYVKGGIVTWETQQTDYPRTRPDLPNHEPRGCARGASYSWYLYSGNRVKYPLVRSRLLKLWREARVLMTPVAAWKSIVEDPKKRASYVQKRGLGGFVRASWAEVNEIVASANAYTAKTYGPDRVFGFSPIPAMSMVSYAAGARYLSLLGGVCMSFYDWYCDLPPASPQTWGEQTDVPESADWYNSGFLILWGSNVPQTRTPDAHFYTEVRYKGAKSVVISPDYSEASKFADLWVSPKQGTDAALAMAMGHVILREFHVERQTKYFNDYARQYTDMPFLVRLVKSEGRLVPERFVRASDFTTSLDETNNPEWKTVAYDEVTGEIVVPNGSVGFRWGEQGKWNLEERESGSGDTRLRLSLADTRDELADVAFPYFGNREHDHFQGTDHPDVLTRKVPAKRIALKDGEALVASVYDLLLANYGVDRGFGGDHLGKTYEEVQPYTPAWAEKITGVPRDQIVTVAREFALNAEKTGGRSMVIVGAGLNHWYHMDMNYRGIINMLVMCGCVGQSGGGWSHYVGQEKLRPQSGWTPLAFGLDWGRPPRQMNSTSAFYAHTDQWRYETLDIKDILSPTAPLGPWDGALIDYNARAERMGWLPSAPQLRTNPIEVSKLAAAAGLAPKDYVAKALKSEDLQLSCDDPDDPRNWPRNMFVWRSNLLGASGKGHEYFLKHLLGTSHGVLGKDLGEDGRKKPIEVKWHEEAPEGKLDLLVTLDFRMSTTCMYSDVVLPTATWYEKNDLNTSDMHPFIHPLSAAIDPVWESRSDWDIYKGIAEAFSKVAPEVLGVEQDVVLTPIMHDSPGEIAQPFDVKDWKTGAIEPIPGKTMPAVTVVERDYPNLYKRFTSLGPLMNKFGNGGKGMSWNTDHEVELLKKLNGVVTEDGASKGLARIDSAIDACEVILSLAPETNGEVAVKAWASLEGFTGRNHQHLAIPKEDEKIRFRDIVAQPRKIISSPIWSGLESEKVCYNAGYTNVHELIPWRTLTGRQQLYQDHLWMRAFGEGFCVYRPPIDTKTIKPVIDRRPNGNASVVLNFITPHQKWGIHSTYTDNLLMLTLSRGGPIVWISEIDARAAGIVDNDWIEAYNVNGALVARAVVSQRVKQGMCMMYHAQEKIVNMPGSEQTGQRGGIHNSVTRTVLKPTHMIGGYVQQAYGFNYYGTVGSNRDEFVIVRKMSKIDWLDTPTADQPGSPRLEAAE*
T0.scaffold_287104333_c1_1	QQTDYPRTRPDMPNHEPRGCARGASYSWYLYSANRVKHPMIRSALLKLWRDKRRSMEPVEAWAAIAGDPQALKSYQRQRGLGGFLRAGWSEVNEIIAAANIHTIKEYGPDRIIGFSPIPAMSMVSYAAGSRYLSLIGGVCMSFYDWYCDLPPASPQTWGEQTDVPESADWYNSSYIMMWGSNVPQTRTPDAHFMTEVRYKGTKVVSIFPDYAEGAKFGDMWLHPKQGTDAALGLAMGHVILKEFHLSGTSQYFADYCRQYTDMPHLVRLVKQGEHYVPERLLRSSDFADRLGQDNNPEWKTVVLDELSGQFTAPLGSIGFRW
T0.scaffold_961428012_c1_71	MASDRFKDEPDSAKCDWEEFYRNRWQYDKVVRSIHGVNCTGGCSWMVHVKDGVVAWELQAQDYPQFDASIPNAEPRGCARGISYSWYLYSPLRVKYPYVRGALLDRWLEAKENFPDPVEAWQSIAEDPQARASWTDKRGMGGFRRASWELANEIIAASTVYTTKKYGPDRIIGFTPIPAMSMISYAAGTRFLSLVGGALLSFYDWYCDLPPASPQVWGEQTDVHESADWYNASYIVVAGSNVPMTRSPDSHFLSEVRYRGAKVVVMSPDYSIASKFADAWLPVRQGQDCAYWMALNHVILKEFYVERQVPFFTDYLKKFTDLPFLVKLTPPAVHPLKSGEAAGDGIWLQGEFLRADELERGSQVENAAWTMCVADRTGAVRIPNGCIGSRWSKEPGKWNLDMKDIVDGSDIDCTLSFLGGETRRLRFSFSGEPDAIREVPVHRVTTTRGEMTVATVFDLMLAQFGVARGLSGDYPRDYDSEMPFTPKWQEKHTGIDARTLIDMAREWALNGEQSSGRNLIIIGSGVNHWYHNDLLYRAAITALILTGSVGRNGGGLAHYVGQEKVQPLASWNSIAMAYDWVKPNRLQCAPTFWYMHSDQWRYERNYTEYNKPLGDLDMPTHVADLNAKAVRMGWLPFAPHFDESTLRLMKQAQHEGCTSDDEIRAWLVERLKTGKTRFASDDPDDPANYPRLWFIWRGNAIASSAKGHEFFLKHVLGTTNSSVTAPEAAKGRVADVHWHDDAPTAKIDLVVDLNFRMDTSAIYSDIVLPTATWYEKSDLNTTDLHSFVNVMDAAVPPCWESRSDWKIFTEIAKRVSELSERHLPTPMKDVVAAPLAHDTPGEISQRTVCDWKLGECQPVPGKTMPDLAIVERDYPKIYDRFLSLGPAIGHLGAHGISYEADDIHEELRKKLPNRSCEGESRVDLSDERVVADVILSLAPETNGELAVRAYENLGRRVGKPLESIAAGSRDFRMMWEDIVQKPRRVTSSPIWSGLVNNGRPYAPFTLNVEYGVPWRTLTGRQSMYLDHPYYLEFRENLPTFKGKLDPAVLDEVKGEQGLVLNYLTPHGKWSIHTTYRDNLKMLTLSRGGVALWINDKDAALHGLEDNDAIEVYNSNGVVTCRAIVSSRIPKGGCILYHATERTVGIRKSQRTGKRGGVHNSLTRIRLKPTLMVGGYAQLSYYFNYWGPTGVNRDCYVVVRKLETKQT*
T0.scaffold_1087053736_c1_1	KQIVSNPEKRSSFMRARGKGGFVRSNWEEAAELIAAATIHTIQEYGPDRVCGFSPIPAMSMLSYAAGARFLSLLGGTILSFYDWYADLPPASPQIWGEQTDVPESADWYNSKYFIIWGTNLPLTRTPDAHFMVEARYNGTKVIGVSPDYAEYDKFADIWLPAKAGTDGALAMAMTHVIMKEFYVDRQTEYFNNYVKKYTDLPFLVILKQKGQDYLPDRLVRASDLFTGHENGEWKTVFWDETQNTPVVPNGSQGFRWDKSKKWNLKLESEQGNLNPLLSFLNQSDEQPVISFPYFSEGKAEVLRRGVPAKKLKGLNGEQILVTTVFDLMMAHVGVDRGLPGGYPKSYDDMMPYTPAWQEAITGVDRSLAIQVAREFADNAVKTKGRSMIAMGAGTNHWYHSDQIYRCILNMVLLCGCQGVNGGGWAHYVGQEKVRPLEGWQQVAFASDWQKPSRLMNGTSFFYFATEQYRYEEKGSATTGSPLGGKFQNIHPADMNALAA
T0.scaffold_327279428_c1_4	MTQRAGSNGGDRGDGSGNRRSGDSDGNAAQQADPRVTAALAPLLPAGEPVEQLLRKAQFFVPGGTPSPDFREVHREGGRGAEEFYRERWRHDKVVRSTHGVNCTGSCSWKVYVKDGIITWETQQTDYPSTGPDSPEYEPRGCPRGASFSWYTYSPSRVRYPYVRGELLGMWREANQRLGDPVAAWAEVTGDPEKSRRYKQARGKGGFVRATWPEVTELIAAAHVHTIKAYGPDRVAGFSPIPAMSMVSYSAGTRFLSLIGATILSFYDWYADLPIASPQVFGDQTDVPESGDWWNSSYLIVWGTNLPITRTPDAHFMTEARYKGQKVVVVSPDYSDHTKFADDWLPAAPGTDGALAMAMGHVILAEFFRDRQVPYFTDYVKTYTDAPFLVTLRERGDGYVPGRFLTAADLHAPGGHAPGEGASAEGTSAKGTSAEGTSAEGGQPGGGQPEDDRHKTVLLDGVTGELKAPNGSLGYRFSETGLGRWNLDLQGIDPVLTLHGRHTEAVPVDLPRFDAGPTEGGTSVRRGVPAIRVNGHLVTTAFDLLMAQYAVPREGLPGEWPAGYDDASTPGTPGWQEPITTVPAATAARVAREFARNAELSKGRSMIAMGGGTNHWYHSDEIYRTFFTLIMLCGCQGVNGGGWAHYVGQEKVRPLAGWQQVAFALDWQRL
T0.scaffold_561169257_c1_1	TRADLPNHEPRGCPRGASYSWYVYSAQRVKYPMIRGRLIEMWREARKKLDPIDAWESISQNPEKAARYKQVRGLGGFVRADWDTATEIIAAANAFTIKKFGPDRVIGFSPIPAMSMVSYAAGARYLSLIGGACLSFYDWYCDLPPASPQVWGEQTDVPESADWYNSTYLMVWGSNVPQTRTPDAHFYTEVRYKGTKTVAVSSDFGEMVKFGDIWLAPKQGTDAALAMAMGHVVMKEFHAVQAPRTSSYLRDYVKQYTDMPMLVLLRENNGTLVPDHFLRASHLANNLGEANNPQWKTLLVDDATGAIVAPNGTVGF
T0.scaffold_149589548_c1_1	AELIAAAHVYTIKHYGPDRVTGFSPIPAMSMVSYSAGTRFLSLIGGTIVSFYDWYADLPPASPQVWGDQTDVPESSDWWNAGYLMIWGTNLPITRTPDAHFMTEARYRGQKVVVVSPDYSDHTKFADNWLPAQPGSDGALAMAMGHVILKEFYVDRQVPYFQDYVRRFTDLPMLVTLRERDGAYVPDRFLRATDVGDAGENAEWKTVVLDASTGKPAIPNGSLGFRYGDEGVGKWNLDLGTIDPVLSLYGRHDDAVPIDLPRFDVLPGEPAGIVRRGVPVIRLGEHLVTTVLDLTFAQYAVGRDGLPGEWPRDYDDPQPYTPAWQEEITSVDAQLVVKIAREFARNAEQTRGRSMICMGAGTNHWYHSDQIYRSFLTLVILCGCEGVNGGGWAHYVGQEKVRPLSGFQMLAFGLDWVRPPRHQAATPFWYLGTDQWRYETLSPDDMASPLGSGLFKGKQMVDLYAQAARMGWMPSFPTFNRNPLDLVDEAERAGMDIRDYVVRELKSGQLRFAAEDPDAPENRSRVLTIWRGNVLGSSGKGHEYFLKHLLGTADPVVRASEASPDERPDEVVWRDDAPEGKLDLLTAIDFRMTGTCMFADVVLPAATWYEKYDLSSTDMHPFVHSFNPAVPPPWQAKSDWDAFIHIADSFSRLAATHLGVRGDLITSPLQHDSPDELAQPYGEVRDWKRGECEPIPGKTMPKLTVVERDYGAISQKLTALGPLAETLGTTVKSASWKPVEEVEYLRQKNGVIHGGVADGRPAIVRAEHACEVVLALSGTTNGKLAVEGFKSLEPRTGVRLTDLAESREGDRITFHDTQVQPRTVITSPEWSGIEAHGRRYSPFTINVERLKPWHTLTGRQHFYLDHAWI
T0.scaffold_290627530_c1_1	RQTLPPVEAWASIVGNEAARRDYQRVRGLGGFARSSWDEVNEIVAAANIHTIKKHGPDRIIGFSPIPAMSMVSYAAGSRYLSLIGGVCMSFYDWYCDLPPSSPQVWGEQTDVPESADWYNSGFIIAWGSNVPQTRTPDAHFFTEVRYKGTKTVAVTPDYSEVAKLSDLWLHPKQGTDAALAMAMGHVILKEFYFDKRSAYFDDYVRRYTDLPMLVMLKEHTLPGGETVRVPDRYMRASDFDDKLGQGNNPEWKTVAFDEA
T0.scaffold_974243036_c1_1	GVNCTGSCSWNIFVKDGLVTWENQAVDYPSTGPDMPEYEPRGCPRGASFSWYQYSPLRLKYPYVRGSLLQMFREARARLGDPMQAWAEIVDDPEKVALYRRQRGKGGFVRASWDEVVELVAAAHVHTTKRYGPDRCVGFTPIPAMSMASYAAGTRFLSLIGGTILSFYDWYADLPPASPQAFGDQTDVPES
T0.scaffold_1016848578_c1_1	EAIVDDPKRSRLYKSQRGKGGFVRATWDDAAEMIAAAHVSTIKRFGPDRVAGFSPIPAMSMVSYTAGTRFLSLIGGVILSFYDWYADLPPASPQTFGDQTDVPESGDWWNASYLIIWGTNLPITRTPDAHFMTEARYRGQKVVVVSPDYSDHTKFADNWLPAQPGTDAALGMAMGHVILKEFYVDRQV
T0.scaffold_61404940_c1_1	ANRVKHPMVRGRLLKLWREARAVRTPVAAWASIVEDAGKRASYTTKRGLGGFVRADWDEVNEIIAAANAYTVKKYGPDRVVGFSPIPAMSMVSYAAGARYLSLLGGVCLSFYDWYCDLPPASPMTWGEQTDVPESADWYNAGYLMLWGSNVPQTRTPDAHFYTEVRYKGTKSVVVSPDYAEATKFADL
T0.scaffold_914934534_c1_1	HTIKRYGPDRCVGFTPIPAMSMASYAAGTRFLSLIGGTILSFYDWYADLPPSSPQVFGDQTDVPESGDWFNAGYLIVWGTNLPTTRTPDAHFMVEARYRGQKVVVVSPDYAEHTKFADDWLAAEPGSDGALAMAMGHVILKEFYVERETPYFRDYARRFTDLPLLVTLRERDGAHVPDRMLRASDLEGLAAEAENAEWKPVVLDARTGQPAVPNGSVGHRYGEAGRWNLRLDGIEPALTLQDRATERV
T0.scaffold_51752605_c1_1	THGVNCTGSCSWKVYVKDGIITWETQQTDYPSTGPDSPEYEPRGCPRGASFSWYTYSPARVRYPYVRGELLRLWREARARLGDPVAAWAEITADPDKSAAYKRARGKGGFVRATWPEVTELIAAAHVHTVKAYGPDRVAGFSPIPAMSMVSYSAGTRFLSLIGGTILSFYDWYADMPIASPQAFGDQTDVPESGDWWNAAYLLVWGTNLPVTRTPDAHFMTEARYKGQKVVVVSPDYADHVKFADDWLPAAPGTDGALAMAMGHVILTEFFRDRQVPYFTDYVKTYTDAPFLVTLRPGPAGDGYRPGKFVTAADLGRASGGGTAEHAQHKPVILDAATGAPVAPNGTLGFRYGEAGLGRWNLDLGGVDPVLTLHGRHTQAVPVDLPRFDAGPTEGGGSVRRGVPAIRVGDHLVTTVFDLLMAQYAVPRDGLPGEWPAGYDDAASPGTPAWQQAITTVPAAAAARVAREFARTAELTKGRSMIAMGAGTNHWYHSDEIYRAFYTLIMLTGCQGVNGGGWAHYVGQEKVRPLTGFQQVAFAQDWQRPPRHMAGTSFFYLHTDQWRYEAFGPAELASPLGAGRFTGKGFADCVATAARLGWSPSHPAFGRN
T0.scaffold_1143557678_c1_1	HGVTTGEDRTWEDAYRARWQHDKVVRSTHGVNCTGSCSWKIHVKGGIVAWETQQTDYPRTRAELPNHEPRGCARGASYSWYLYSANRVKYPLVRARLLKHWRAARAVAMSAVDAWAAVVENDAQRRDYQRQRGLGGFVRASWDEVNEIVAAANVYTIRKHGADRIIGFSPIPAMSMVSYAAGSRYLSLIGGVCMSFYDWYCDLPPSSPQTWGEQTDVPESADWYNSSYIIAWGSNVPQTRTPDAHFFTEVRYRGTKTVAVTPDYAEVSKLADLWMHPRQGTDAALAMAMGHVILREFYFERRSAYFDDYARRYTDLPLLVQLKEQTLADGRRIMVPDRYLRADDFNGVLGQDNNPEWKTVAFNVDGKLVLPNGSIGFRWGAEGRGDAGRWNLQAKEARHGAEVKLKLSVAEDGAQAHEVVTVGFPYFGGIDTPHFTASKHADVLVREVPVARIALGKNGERREVLVATVFDLLAANYGVDRGFGGARDYND
T0.scaffold_82084267_c1_1	AASTVYTVKKHGPDRVIGFTPIPAMSMISYAAGTRFLSLLGGVMLSFYDWYCDLPPASPQVWGEQTDVHESADWFNASYIAVCGSNVPQTRSPDAHYLTEARYRGAKVVVMSPDYSIATKFADAWLPISPGQDGAFWMALNHVILKEFYAQRQVPFFSDYIKKFSDLPFLVKMSVAEDGVWSPGEFLRAEEIERGQGIENPGWVLCVADQSGAVRIPKGSIGSRWSERKGDWNLDMKDMVDGGEIDCALTFLGGATRRVRFCYSGEPDAIREVPVHPVTTTQGEAVVTTVFDLMMAQFGVSRALGGDYPRDYSSDFPFTPKWQEKYTGISAETVIKIAREWATNGEESGGRNLIIIGSGVNHWYHNDLLYRAAITALILTGSVGRNGGGLAHYVGQEKVQPLASWTSIAMAYDWVKPARLQSAPNFWYMHSDQWRYEANYTDYMKPASTEGIPSHIADLNAKAVRLGWLPFAPHFDDSTLRLMEQAQAQGCKSDDEIRSWLVERLKKGTTKFASDDPDAPENFPRLWFIWRGNAIAASGRGHEFFLKHVLGTTNSSVTAKETARGQVDDVLWRDPVTSAKVDLVVDVNFRMDTSALYSDIVLPTATWYEKSDLNSTDLHSFVNCMDAAVPPAWESRTDWKIFTEIARKVSELSALHLPQPVKDVVAVPLGHDTPGEIAQRSVCDWKLGECQPVPGSTMPQLAIVERDYPNLHERFLSLGPGAGHLAAHGVGYDAEDVRQSLLSRMPTRNWNGESYTDLSDERVVADVILSLAPETNGELSYRGYRNLGERVGKPLEQLAAGSRDFRLFWEDITKKPRRVINSPIWSGLVNGGRTYAPFLLNVEHGVPWRTLTGRQSLYLDHPYYAKFHEGLPTFKGRLDPALLDETTGEKGLILNYLTPHGKWCIHTTYRDNLRMLTLSRGGITLWINSEDAASANIEDNEPVELYNSNGVVTCRAEVSSRIPRGACIMYHAPDRTIDIKKSRKTGKRGGVHNSLTRIRLKPTQMLGGYAQMSYYFNYWGPTGVNRDCYVVVRKLHED*
T0.scaffold_391332209_c1_1	ANWQEVNEIMSAMLLYTIITYGPDRIAGFTPIPAMSMVSYAAGSRFLSLLGAPMLSFYDWYADLPPASPQIWGEQTDVPESSDWYNAGYIIMWGSNVPMTRTPDAHFMTEVRYKGTKVVAVSPDYAENVKFADNWLPVNPGSDAALAQAMTHVILKEFYIEKQEEYFLDYAKQF
T0.scaffold_768735077_c1_1	MSWIKDLVKPKMRLWEEFYRNRWQHDRVVRSTHGVNCTGGCSWMVYVKEGIVVWEMQATDYPELEAGLPHHEPRGCQRGISFSWYIYSPLRIKYPYIRGVLLDLWREARQQHDDPLAAWESLMADEQKRSSYQQARGKGGFRRIGWDEALEIAAAAALSTVKRYGSDRVIGFSPIPAMSMCSYAAGSRFLSLLGGVVLSFYDWYADFPPASPETWGEKTDVSESADWYNSKLIVVMGSNLNMTRTPDVHFVAEARGNGSRLV
T0.scaffold_771045130_c1_5	MSHFLDRLIHFALPSERFSEGHGVTTGEDRKWEDAYRNRWSHDKIVRSTHGVNCTGSCSWKIYVKGGIVTWETQQTDYPRTRWDMPNHEPRGCARGASYSWYLYSANRVKYPMVRARLLKRWRAALAVHPDAVDAWASIVEDEEARRDYQKVRGMGGFARSSWDEVNRLVAAANVYTIKRHGPDRIIGFSPIPAMSMVSYAAGSRYLSLIGGVCMSFYDWYCDLPPASPQVWGEQTDVPESADWYNSTFIVAWGSNVPQTRTPDAHFFTEVRYKGAKTVAITPDYSEVAKLADLWLHPKQGTDAALAMAMGHVVLTEFFFSKRSAYFDDYVRRYTDMPMLVMLKAHTLPDGSTTLVPDRYLRASDFEGGMGQPNNPEWKTLAFDRTGRIVLPNGSIGFRGGAKGRDDLGKWNLEDNDAQ
T0.scaffold_1052029150_c1_1	YSWYLYSGARVKYPMIRGRLLKLWRAARTTMPPVAAWASIVKDGDKRKSYISIRGHGGFVRATWDEVNELIAAANAYTVKAHGPDRVIGFSPIPAMSMVSYAAGSRYLSLMGGVCMSFYDWYCDLPPASPQTWGEQTDVPESADWYNAGFIIVWGSNVPQTRTPDAHFYTEVRYKGTKSAVVSPDYAEATKFADIWLNPKQGTDAALALAMGH
T0.scaffold_1146579158_c1_1	PAMSMLSFAAGTRFLSLFGGASMSFYDWYADLPTSFPEIWGDQTDVCESADWYNSKFIVSMASNMNMTRTPDVHFIAEARTEGTKFVVLSPDFSQIAKYCDEWIPIQAGQDTALWMAANHVILKEYYIDRQVPYFIDYVKRYTDLPFLVELEPNGNTYKTGRLLRAKRVARYQDVENGDWKMLVIDEKSGEPRAFKGQVGDRWGSTHGKWNLSAEDTLDNSPIDPVLSFIDHSDGVVQVGFDDFANGRIVSRGVPIKRIATDKGEVVVATGFDIVMSQFGHSR
T0.scaffold_1051169002_c1_3	MDNDENAGRPAARGSAGWPLAARRLLTRSEVSSDGRAVYTEGDPRWEGFYRDRWSHDKVVRSTHGVNCTGSCSWMVYVKEGIITWEHQATDYPSIGTDCPEYEPRGCPRGASFSWYTYSPSRVRYPYVRGALLRMWREARQRLGDPVAAWAEITGDPAKARAYKSARGKGGLVRADWDEVSELIAAAHVHTIKAYGPDRVAGFSPIPAMSMASFAAGSRFMSLIGGTLLSFYDWYADLPIASPQVFGDQTDVPEAADWWNAGYLVMWGSNIPVTRTPDAHFLTEVRYNGTKVVAVSPDYADNVKFADEWLAPHPGTDGALAMAMG
T0.scaffold_768573759_c1_1	HDKVVRSTHGVNCTGSCSWNVYVKDGLITWETQAVDYPSTGPDMPDYEPRGCPRGASFSWYTYSPLRVKYPYVRGSLLEMYRAERARTGDPVLAWEAIVDDATRSTTYKAQRGKGGFVRASWDDAVEMIAAAHVSTIKRFGPDRVAGVSPIPAMSMVSYTAGTRFLSLIGGVILSFYDWYADLPPASPQTFGDQTDVPESADWWNASYLIIWGTNLPITRTPDAHFMTEARYRGQKVVVVSPDYSDHTKFADNWLPAQAGTDAALGMAMGHVILKEFYVDRQVPYFEDYARRFTDLPLLVTLRERGDALVPDRFLRASDVGQDSDNGEWKTAVLDE
T0.scaffold_528548689_c1_2	MSESSSPLLRAHQFFRQGTASAEGWSQLVAKDRDWESFYRDRWSHDKIVRSTHGVNCTGSCSWKIYVKDGVITWETQQTDYPSVGADMPEYEPRGCPRGASFSWYTYSPLRVKYPYVRGSLIEMYREARTRLGDPVAAWAEIVEDPEKSRLYKSHRGKGGFVRSSWDEAAELIAAAHVYTIKRYGPDRVAGFSPIPAMSMASYAAGTRFMSLIGGTILSFYDWYADLPPAAPQVWGDQTDVPESADWWNAGYLIIWGTNLPITRTPDAHFMTEARYRGQKVVVVSPDYSDHTKFADHWLPAQPGTDGALAMAMGHVILKEFYVERQVPYFQDYARRYTDLPLLVTLRERAGAYVPDRFLRAADLGDQSEHAAWKTVVFDTVTNQPAVL
T0.scaffold_701892526_c1_1	RADWDEVNELIAAANIHIIQKWGPDRVVGFSPIPAMSMISYAAGTRYLSLIGGTCLSFYDWYCDLPPSSPQTFGEQTDVPESADWYNSGYLLLWGSNVSMTRTPDAHFYTEARYRGAKSVVIAPDFIEVARFADLWLHPKQGTDAALALAMGHVILKEFFVDRQVPYFQDYVRQYSDLPFLVLLEPREEGLVAGRMLRAADFPD
T0.scaffold_677904738_c1_1	DPEKARLYRRQRGKGGFVRAAWDEAVEMIAAAHVHTIKRYGPDRVVGFSPIPAMSMASYAAGTRFLSLIGGVILSFYDWYADLPPSSPQVFGDQTDVPESGDWWNASYLLIWGTNLPTTRTPDAHFMVEARYRGQKVVVVSPDYAEHTKFADHWLAAEPGSDGALAMAMGHVILKEFYVDRQVPYFEQYARRFTDLPLLVTLRERDGAYVPDRLLRASDLEDTGGEPEHAEWKPVAVDEGTGAPAVPTGSVGHRYGEPGQWNLRLDGLEPALSVLSRAEERVAVDLPRFDVGESEGGSSVRRGVPAIRVGGQLVCTVLDLTLAHYGVAREGLPGEWPADYDDPAPCTPAWQEAISGVDRHLVARVGREFARNAEVTQGRSMIAMGAGTNHWFHSDQTYRTFLALVMLCGCEGVNGGGWAHYVGQEKVRPLAGWQTVAFALDWVRPPRHQSGTPFFYLATDQWRYERYQPADLASPLGRGLLEGRHIVDVNALGARLGWLPSYPSFDRSTLELVEEAERAGVDPAEHVVSELCAGRLRFACEDPDAPENHPKVMTVWRANVLGSSGKGHEYFLKHLLGTTESAVRAEESPPELRPREVVWREDAPEGKLDLLTTIDFRMTSNALFSDVVLPAATWYEKFDLSSTDLHPFVHTFNQAVPPPWESKGDWEAFGRIAQRFSELAERHLGARRDLIVAPLLHDSADEIAQPLGEVRDWRAGECEPVPGKTMPKLIVVARDYPHVGEQWRALGPLVEELGTAVKGASWVADEEVVELRAKNGSVRGGVADGRPSLERIELACEAILTLSGTCNGRL
T0.scaffold_76076085_c1_1	SWEEAAEIIAAAHVHTIKAYGPDRIAGFSPIPAMSMVSFAAGSRFVSLLGGTMLSFYDWYADLPVASPQVFGDQTDVPESGDWWDAGYLIMWGSNVPVTRTPDAHWMAEARYRGQKVIAVSPDYADNVKFADEWLPAHPGTDGALAMAMGHVILREFFVDRQVPYFTDYVKRYTDLPFLVRLDADGDAYRSGKFLTAADLAEFAGGENAAFKTVLLGVDGNPVVPNGCLGFRYGAEGAGKWNLDLHGVDPLLSVAGGETAEVVLPRFDSPDAVVRRGVPVRRVGGHLVTTVFDLLLAQYGVHREGMPGRWPGGYDDASEPATPAWQEPITGVPAVAAARIAREFAANAEESRGRSMIIMGAGTNHWFHSDTIYRAFLTLTTLTGCQGVNGGGWAHYVGQEKCRPVTGWAQLAFALDWVRPPRQMIQTAYW
T0.scaffold_844742415_c1_1	MVRSTHGVNCTGSCSWNVYVKDGLITWETQAVDYPSTGPDMPEYEPRGCPRGASFSWYTYSPLRLKYPYVRGSLLAMFREARERLGDPVDAWAEITGDPEKARLYKRQRGKGGFVRASWDDAVEMIAAAHVHTIKSYGPDRCVGFTPIPAMSMASYAAGSRFMSLIGGVILSFYDWYADLPPSSPQTFGDQTDVPESGDWFNAGYLLIWGTNLPTTRTPDAHFMVEARYRGQKVVVVSPDYAEHTKFADHWLAAEPGSDGAMAMAMGHVILKEFYVDREVPYFRDYARRFTDLPLLVTLRERGDGYAPDRLLRASDLERDEENAEWKPVVLDARTGEPAVPNGSVGHRYGDQPGRWNLRLDGIEPELTLLERATERVTVDLPRFDVGEGEGGTTVRRGVPAIRVGDQLVTTVLDLTLAHYGVGREGLPGDWPAGYDDPKPCTPAWQEPISGVDAQLVARVGREFARNAERTKGKSMIAMGAGTNHWFHSDQTYRTFLALVMMCGCEGVNGGGWAHYVGQEKVRPLAGWQTVAFALDWNRPPRHQSGTPFFYLATDQWRYERYQPSDLASPLGRGLLEGRHTVDVNALGARLGWLPSYPSFDRSTLDLVDEAEQAGVEPAEHVVNELRQGNLRFACEDPDAPANQPKVMTVWRANILGSSGKGHEYFLKHLLGTTENAVRAEESPPELRPRDVVWHDEAPEGKL
T0.scaffold_404095462_c1_2	MSHFLDRLSFFTRAKAEFADGHGVMTTEDRSWEDGYRKRWQHDKIVRSTHGVNCTGSCSWKVYVKGGIVTWETQQTDYPRTRPDLPNHEPRGCSRGASYSWYLYSGNRVKYPLVRSRLLKLWREARMLMTPVAAWKSIVEDPKKRAAYVHKRGLGGFVRASWTEVNEIVASANAYTAKTYGPDRVFGFSPIPAMSMVSYAAGARYLSLLGGVCMSFYDWYCDLPPASPQTWGEQTDVPESADWYNSGFLILWGSNVPQTRTPDAHFYTEVRYKGAKSVVISPDYSEASKFADLWVSPKQGTDAALAMAMGHVILKEFHVDRQTKYFNDYARQYTDMPFLVRLVKSEGRLVPERFVRASDFATSLDEANNPEWKTVAYDAATGAIVVPNGSVGFRWGEKGKWNLEERDSKHHDTKLRLSLADFSDEMADVAFPYFGNREHDHFKGTDHPNVLTRKVPAKRIALKDGLTLVASVYDLFVANYGVDRGFGGEHLGKSYDDVAPYTPAWAEKITGVPRNQIITVAREFAGNAEKTGGRSMVIVGAGLNHWYHMDMNYRGIINMLVMCGCVGQSGGGWSHYVGQEKLRPQSGWAPLAFGLDWGRPPRQMNSTSAFYAHTDQW
T0.scaffold_519767388_c1_1	MGVSKRSSPERSESSDQRARSPLLEAHRFLRRGPVNAEGWSQLVAKDRDWERSYRGRWAHDKVVRSTHGVNCTGSCSWNVYVKDGLITWESQAVDYPSTGADMPEYEPRGCPRGASFSWYEYSPLRVKYPYVRGSLLAMFREARARLADPVDAWAEIVEDPEKARLYRRQRGKGGFVRASWDEAVEMIAAAHVYTIKRYGPDRCVGFTPIPAMSMASYAAGTRFLSLIGGTILSFYDWYADLPPSSPQCFGDQTDVPESGDWFNAGYLLIWGTNLPTTRTPDAHFMVEARYRGQKVVVVSPDYAEHTKFADHWLAAEAGSDGALAMAMGHVILKEFYVEREVPYFQDYARRFTDLPLLVTLREREDGAYVPDRLLRASDLQGNGGESEHVDWKPVMLDARTGEPTVPNGSVGHRYGEAGRWNLRLDGIEPVLTVYDRATERVAIDLPRFDIGKGEGGTVARRGVPVIRVGDQLVTTVLDLTLAHYGVGREGLPGEWPASYDDPAPCTPAWQEQITGVDRQLAARVAREFARNAEVTRGRSMIAMGAGTNHWFHSDQVYRTFLALVMLCGCEGVNGGGWAHYVGQEKVRPLAGWQTVAFATDWVRPVRHQSGTPFFYLATDQWRYERHQPSDLASPAGRGLLKDRHIADVNALGARLGWLPSFPSFDRSTLDLVDEAERAGVDPAEHVVSELRDGRLRFACEDPDAPENHPKVMSVWRSNLLGSSGKGHEYFLKHLLGTTENAVRAQESPPELRPREVTWREEAPEGKLDLLMTVDFRMTSNALFSDVVLPAATWYEKYDLSSTDLHPFVHTFNQAVPPPWETKTDWDAFHRIAKRFSELAEHHL
T0.scaffold_646082895_c1_1	FSWYTYSPLRLKYPYVRGSLLQMFREARDRLGDPVEAWAEIVGDPERTRTYKRQRGKGGFVRASWDDAVDMIAAAHVHTIKTHGPDRVVGFSPIPAMSMASYAAGTRFLSLIGATILSFYDWYADLPPSSPQTFGDQTDVPESGDWWNAGYLLVWGTNLPTTRTPDAHFMTEARYRGQKVVVVSPDYAEHTKFADHWLAAEAGSDGALAMAMGHVILKEFYVDRETPYFRDYARRFTDLPLLVTLRERGDGFVADRLLRASDLGGDVEHGDWKPVVLDDRSGLPVVPNGSVGHRHGEPGHWNLKLDGIEPVLTLLDRAEERVAVDLPRFDAGETEGGTTITRGVPAMRVGGRLVTTVLDLVLAQYGVGREGLPGEWADDYDDPGLGTPAWQESITGVDRKLVARVAREFARNAEVTEGRSMIAMGAGTNHWFHSDQTYRTFLALVMLCGCEGRNGGGWAHYVGQEKVRPLAGWQTVAFALDWVRPPRHQSGTPFFYLATDQWRYERYRPADFASPLGRGLLNDMHIADVNALGARLGWLPSFPSFDRSTLELCDEAQRAGREVAEHVVTELRAGRLRFACEDPDAPGNHPKVMTVWRSNVLGSSGKGHEYFLKHLVGTTESAVRAEETPPELRPRDVVWPDQAPEGKLELLTTIDFRMTSNALFSDVVLPAATWYEKYDLSSTDLHPFVHTFNEAVPPPWENKTDWDAFSRIAARFSQLAEKHLGVRRDVIAAPLQHDTADEIAQPLGEVRDWRAGECEPVPGRTMPKLIVVERDYPNVAAKWGALGPLVEQLGTQVKGASWVADEEVAELRAKNGAVRGGVADGRPSLERVQQACEAILALSGTTNGRLATEGFRSLERTTGVKLTDLSGPRAGDRITFQDAQVQPREVITSPEWSGIEAHGRRYAPFTTNVEREKPWHTLSGRMHFYLDHAWMLELGEGLPTFRPPLHHRAVFGDQGGADGRAELTLNYLTPHSKWSIHSEYQDNLHMLTLFRGGGMLWVSPEDARALEIADNDWVEVVNRNGVITCRAAVAHRIPQGTCMMYHAKDRHLNVPLSELEGKRGGTDNSATRIVMKPTHFIGGYAQLSFGFNYYGPTGSQRDEVVVLRKRQSEVVF*
T0.scaffold_610518454_c1_1	MSEPDDELLAPLLPAGEPVERLLRGAQFFTAGTPTPDFREVHKKGGRNAEEFYRERWRHDKEVRSTHGVNCTGSCSWKVYVKDGIITWETQQTDYPSTGPDSPEYEPRGCPRGASFSWYTYSPSRVRYPYVRGELLRLWREALARLADPVAAWAEITADQEKSAAYKSARGQGGFVRSTWPEVTELIAAAHVHTVKAYGPDRVVGFSPIPAMSMVSYSAGTRFLSLIGGTILSFYDWYADMPIASPQAFGDQTDVPESGDWWNAAYLLVWGTNLPVTRTPDAHFMTEARYKGQKVVVVSPDYADHVKFADDWLPAAPGTDGALAMAMGHVILTEFFRDRQVPYFTDYVKTYTDAPFLVTLERGAGDGWLPGKFLTAADLGGTDPGDMGEGALSEGAQHKPVLLDAATGSPAVPNGSLGFRFGA
T0.scaffold_40396025_c1_1	MSHFLDRLKFFSKTKETFSNGHGAVVNEDRTWENAYRQRWQHDKIVRSTHGVNCTGSCSWKVYVKNGLITWETQQTDYPRTRPDLPNHEPRGCPRGASYSWYVYSAQRVKYPMVRGRLMEMWREARLTKSPVEAWEYISQDPERAKRYKSVRGQGGFVRAKWDEVNEIIAAANAFTIKKFGPDRVVGFSPIPAMSMVSYAAGSRYLSLIGGVPLSFYDWYCDLPPSSPQVWGEQTDVPESADWYNSTYLMVWGSNIPMTRTPDAHFYTEVRYKGTKTVAISSDFGEMAKFGDIWLAPKQGTDAALAMAMGHVILKEFHVTGKSQYFRDYAKQYTDFPMLVTLKDRDGTLVPDYFLRASNLANNLDETNNPEWKTLVFDDATGNIVAPAGSIGFRWDEGGERGKWNLEQKEGKSDKPIDPRLSLIDCRDDVAAVGFPYFGGQDADDLLVRNVPVKRITLADGTTALVATVYDLSLANYGIDRGLGGENVAKDYYDDVPYTPGWQQKHTGVKPADVIAVAREFADNADKTHGKSMVIVGAALNHWYHMDMTYRGIINMLMMCGCVGQSGGGWAH
T0.scaffold_273218771_c1_2	MSSSPTNSARGQEPPTRPRNPLLEAHRFLRRGPVNEEGWSQLVAKDRDWEASYRGRWAHDKVVRSTHGVNCTGSCSWNVFVKDGLVTWENQAVDYPSTGPDMPEYEPRGCPRGASFSWYEYSPLRLKYPYVRGSLLTMFREARQRLGDPVDAWAEIVDDPQKVATYRRQRGKGGFVRASWDEAVELIAAAHVHTVKRYGPDRCVGFSPIPAMSMASYAAGTRFLSLIGGVILSFYDWYADLPPSSPQVFGDQTDVPESGDWWNAGYLIIWGTNLPTTRTPDAHFMVEARYRGQKVVVVSPDYAEHTKFADHWLAAPPGTDGALAMAMGHVILKEFYVERETPYFADYAKRFTDLPLLVTLREGQDGGYVADRLLRASDLDGAGGEAEHAEWKPVVVDGRTGEPTVPSGSVGHRYGEPGRWNLRLGGIEPVLTMIDRAAERVELDLPRFDAAQGERGTVVRRGVPAVRVAGHLVTTVLDLVLAQYGVARDGLPGDWPTGYDDPEQPYTPAWQERLTGVDRHLAARVAREFARNAEVTEGRSMIAMGAGTNHWFHSDQTYRTFLALVMLCGCEGVNGGGWAHYVGQEKVRPLAGWQTVAFALDWVRPPRHQSGTPFFYLATDQWRYERYRPEDLAWPRARGLLQGMHILDVNALGARLGWLPSYPSFDRSTLQLCDEAQQAGRDVAEHVVEELKAGRLRFACEDPDAPENHPKVMTVWRANVLGSSGKGHEYFLKHLVGSTESAVRAEETPPELRPRDVLWRDEAPEGKLELLTTIDFRMTSNALFSDVVLPAATWYEKYDLSSTDLHPFVHTFNEAVAPPWENKTDWEAFSRISKRFSELAEKHLGARRDVIAAPLLHDTPDEIAQPLGEVRDWRAGECEPVPGETMPKLIVVERDYPNVHAKWAALGPLVEKLGTQVKGASWIADEEVAELAAKNGTVRGGVADGRPSLERVQEACEAILMLSGTCNGRLATEGFRSLERSTGVGLADLSGSRSADRITFADAQVQPRTVITSPEWSGIEAHGRRYAPFTINVEREKPWHTLSGRMQFYLDHAWMLELGEGLPTFRPPLHHRAVFGDQGAGDGCTELVLNYITPHSKWSIHSEYQDNLHMLTLFRGGGMLWVSPEDARALGVADNDWLEVINRNGVITCRAAVAHRIPQGTCMMYHAKDRHLNVPLSELEGKRGGTDNSATRIVMKPTHFLGGYAQLSFGFNYYGPTGSQRDEVVVLRKRETEVVF*
T0.scaffold_685359621_c1_1	WEYISQDPKRAAQYKTVRGQGGFVRAQWDEVNEIIAASNAFTIKKYGPDRIIGFSPIPAMSMVSYAAGTRYLSLIGGVAMSFYDWYCDLPPSSPQVWGEQTDVPESADWYNSTYLMVWGSNVPMTRTPDAHFYTEVRYKGTKTVAVSSDFGEMAKFGDIWLAPKQGTDAALAMAMGHVILKEYHANGKSAYFRDYAKQYTDFPMLVLLKEKNGHLVPEYFLRASHLANNLDETNNPEWKTLVIDEATGNITAPAGSIGFRWGESGKWNLDKIEGKSGKAIDPKLSLIDSRDEVAGVAFSYFGGRDAEDVLVRNVPVKKVQLADGTIALVTTVYDLSLANYGIDRGLGGGNVASDYDQDIPYTPAWQQKHTGVKPADVITVAREFAENADKTRGKSMVIVGAALNHWYHMDMTYRGIINMLMMCGCVGQSGGGWAHYVGQEKLRPQTGWTPLAFALDWNRPSRQMNSTSFFYAHTSQWRHEKLNTSEILCPTADDKNATMSLIDYNAKAERLGWLPSAPQLETNPLEVVRAAEAAGQDPIKYAVENLKSGKLNLSCDDPDNPANFPRNMFVWRSNILGSSGKGHEYFLKYLLGTQNALMSEEEGCVVPKEVKVRPAVEGKLDLLVVLDFRMSTTCLYGDIVLPTATWYEKDDLNTSDMHPFIHPLSEAVQPLWQSKSDWEIYKGIAEKFTEIGGEYLGTQKDLVLTPLMHDTPGELGQPFDPKDWRA
T0.scaffold_925671294_c1_1	MKKLRYFGKSTDIAEHAVLDAKDRNSEKYYRRRWQHDKTVRTTHGVNCTGSCSWKVHVKDGIIAWETQQTDYPSTGPNMPEYEPRGCPRGASFSWYTYSPLRVRYPYVRGSLLKMWREELDKTKDPVAAWREITTNPEKTKRYKQARGKGGLVRSNWDEVSEIICAALIHSIKEFGPDRIFGFSPIPAMSMVSYAAGGRFLSLLGGSFLSFYDWYADLPPASPQVWGEQTDVPESSDWFNSAYLIVWGSNVPQTRTPDAHFMVESRYRGTKVVAVSPDYAECVKFADNWLNVQAGMDGALGLAMTHVILKEFYVDRQTEYFNDYVKKFTDLPFLVKLTPHGENFISKTFLR
T0.scaffold_409096425_c1_1	MTGSGAREPLLEAHRFLRQGPVSEEGWSQLVAKDRDWERSYRGRWQHDKIVRSTHGVNCTGSCSWNVYVKEGLITWESQAVDYPSTGPEMPEYEPRGCPRGASFSWYTYSPLRLKYPYVRGSLLEMFREARQRLGDPVEAWEEIVSDPERAASYRRQRGKGGFVRASWEEAVELIAAAHVSTIKRFGPDRVVGFSPIPAMSMASYAAGTRFLSLIGGVILSFYDWYADLPPSSPQVFGDQTDVPESGDWWNAGYLLIWGTNLPTTRTPDAHFMVEARYRGQKVVVVSPDYAEHVKFADHWLPAQPGTDAALAMAMGHVILKEFYVQRHVPYFMGYVRQFTDLPLLVTLRKRDDAYVPDRFLRASDIASGEERAEWKPVMLDERTGEPAVPTGSVGHRYAPGDEGRWNLRLEGIEPALSLLGRRGSAVAVDLPRFDVGETEGGGAMRRGVPTMHVGGQLVTTVFDLLLAQYGVAR
